screening_id,pmid,title,abstract,year,journal,doi,sources,source_count,decision,exclusion_reason,corneal_layer,priority_level,screening_notes,endothelium_relevance_score,endothelium_relevance_terms,recommended_action,strict_endothelium_decision,strict_endothelium_reason
PUBMED_0032,29413615,Functionalized silk fibroin film scaffold using β-Carotene for cornea endothelial cell regeneration.,"Design of corneal endothelium substitute is important for replacement of cadaveric cornea tissue. Our previous study has shown the suitability of silk fibroin (SF) as a biomaterial for cornea scaffold. In this study, we used β-Carotene (β-C) to enhance the regeneration of corneal endothelial cells (CEnCs) and maintain CEnC specific function. The fabricated film scaffolds showed desired transparency and hydrophilic properties which are crucial factors for vision recovery. The cell viability, phenotype and gene expression was examined using MTT assay, immunofluorescence and reverse transcription polymerase chain reactions. Compared with pristine SF scaffold, proper amount of β-C incorporated with SF scaffolds showed higher initial cell attachment, cell viability and mRNA expression. The results indicate that the fabricated SF film scaffold incorporated with small amount of β-C might be the suitable alternative corneal endothelium substitute for transplantation.",2018,"Colloids and surfaces. B, Biointerfaces",10.1016/j.colsurfb.2017.11.052,C4_endothelium,1,Include,,endothelium,Medium,"Corrected include: title/abstract indicates corneal tissue engineering, biomaterial/scaffold, engineered construct, decellularized matrix, cell sheet, or regeneration/reconstruction relevance.",4,scaffold; corneal endothelial cell; endothelial cells; transparency; transplantation,Add to core candidate,Add to endothelial core,Clear endothelial tissue-engineering biomaterial/carrier/scaffold signal with functional or translational relevance.
PUBMED_0075,29998891,Constructing a Novel Three-Dimensional Biomimetic Corneal Endothelium Graft by Culturing Corneal Endothelium Cells on Compressed Collagen Gels.,"BACKGROUND: Endothelium allotransplantation is the primary treatment for corneal decompensation. The worldwide shortage of donor corneal tissue has led to increasing pressure to seek an alternative for surgical restoration of corneal endothelium. Compressed collagen (CC) gels have excellent biocompatibility, simple preparation course and easy to be manipulated. This study aimed to form a new biomimetic endothelium graft by CC. METHODS: We expanded bovine corneal endothelial cells (B-CECs) on laminin-coated CC to form a biomimetic endothelium graft. Scanning electron microscope was used for ultrastructural analysis and tight junction protein ZO-1 expression was tested by immunohistochemistry. RESULTS: The biomimetic endothelium graft, we conducted had normal cell morphology, ultrastructure and higher cell density (3612.2 ± 43.4 cells/mm(2)). ZO-1 localization at B-CECs membrane indicated the bioengineered graft possess the basic endothelium function. CONCLUSIONS: A. biomimetic endothelium graft with B-CECs expanded on CC sheet was constructed, which possessed cells' morphology similar to that of in vivo endothelial cells and specific basic function of endothelium layer. This method provided the possibility of using one donor's cornea to form multiple uniformed endothelium grafts so as to overcome the shortage of cadaveric cornea tissue.",2018,Chinese medical journal,10.4103/0366-6999.235883,C4_endothelium,1,Include,,endothelium,Medium,"Corrected include: title/abstract indicates corneal tissue engineering, biomaterial/scaffold, engineered construct, decellularized matrix, cell sheet, or regeneration/reconstruction relevance.",4,membrane; sheet; corneal endothelial cell; endothelial cells; expanded; zo-1; cell density; in vivo; transplantation,Add to core candidate,Add to endothelial core,Clear endothelial tissue-engineering biomaterial/carrier/scaffold signal with functional or translational relevance.
PUBMED_0081,30066447,Ex Vivo Functionality of 3D Bioprinted Corneal Endothelium Engineered with Ribonuclease 5-Overexpressing Human Corneal Endothelial Cells.,"Human corneal endothelial cells (HCECs) are scarcely proliferative in vivo. The cultured HCECs engineered to overexpress ribonuclease (RNase) 5 (R5-HCECs) are prepared after transient transfection with RNase 5 plasmid vector. As candidate targets of R5-HCECs for enhancement of cellular proliferation and survival of R5-HCECs, programmed cell death protein 4 is inhibited, and cyclin D1 and cyclin E1 are activated. The cultured R5-HCECs and control HCECs on lyophilized amniotic membrane (AM) are deposited as a carrier by extrusion-based 3D bioprinting to prepare transplantable RNase 5 vector-transfected HCECs-laden AM graft (R5-Graft) and the control HCECs-laden AM graft (Ct-Graft), respectively. The ready-to-use R5-Graft shows clearer basolateral expression of Na(+) -K(+) ATPase pump and higher cell confluency than Ct-Graft. From 2 weeks after graft transplantation, both R5-Graft and Ct-Graft start restoring clarity of the rabbit corneas, and their central corneal edema are much less than those in the control group at 3 and 4 weeks. The ex vivo expression of corneal endothelial phenotypical markers is clear in R5-Grafs rather than in Ct-Grafts at 4 weeks. In conclusion, the fabricated corneal endothelium with cultured HCECs easily survives and functions as corneal endothelium in vivo. Furthermore, the use of the cultured HCECs engineered to overexpress RNase 5 (R5-HCECs) may be an option to obtain higher graft cellularity and to enhance the function of transplanted grafts.",2018,Advanced healthcare materials,10.1002/adhm.201800398,C4_endothelium,1,Include,,endothelium,Medium,"Corrected include: title/abstract indicates corneal tissue engineering, biomaterial/scaffold, engineered construct, decellularized matrix, cell sheet, or regeneration/reconstruction relevance.",4,carrier; membrane; corneal endothelial cell; hcec; endothelial cells; pump; rabbit; in vivo; transplantation,Add to core candidate,Add to endothelial core,Clear endothelial tissue-engineering biomaterial/carrier/scaffold signal with functional or translational relevance.
PUBMED_0157,31129253,Investigating the effect of chitosan/ polycaprolactone blends in differentiation of corneal endothelial cells and extracellular matrix compositions.,"This study aimed to investigate the underlying mechanisms of corneal endothelial cells (CECs) differentiation and identify the extracellular matrix (ECM) compositions using chitosan/polycaprolactone (PCL) blended membrane, hence exploring the potential use of chitosan/PCL blends in tissue engineering of CECs. We utilized the chitosan/PCL blends named as PCL25 consisting of PCL at 25% by weight. The surface characteristics of PCL25 were confirmed by using Fourier Transform Infrared Spectroscopy (FTIR) and Atomic Force Microscope (AFM). Bovine CECs were cultured on the blends, compared with TCPS and pure chitosan membrane. Cell behaviors in terms of cell attachment, proliferation, differentiation phenotype and expression of differentiation proteins were examined. Furthermore, ECM protein productions were also analyzed. From the experiments, we found the topography (roughness) of PCL25 membrane examined by AFM was greater than pure chitosan membrane. FTIR results confirmed the functional groups of C=O bond of PCL. The CECs displayed hexagonal morphology and similar proliferation rate on both PCL25 membrane and TCPS. In addition, the immunofluorescence evidence showed well-localized ZO-1 and Na(+)/K(+) ATPase expression of membrane proteins. ECM protein productions of CECs on PCL were no inferior to TCPS. Moreover, western blot results verified the higher amount of collagen type IV, and reduced TGF-β2 expression on PCL25 membrane compared to TCPS substrate. In conclusions, chitosan/PCL blends membrane provided a favorable environment for CECs in terms of ECM compositions, therefore enhancing the growth and differentiation. Accordingly, for CEC tissue engineering applications, PCL 25 might be a suitable alternative for cadaveric cornea transplantation in the near future.",2019,Experimental eye research,10.1016/j.exer.2019.05.019,C4_endothelium,1,Include,,endothelium,Medium,"Corrected include: title/abstract indicates corneal tissue engineering, biomaterial/scaffold, engineered construct, decellularized matrix, cell sheet, stem-cell construct, or regeneration/reconstruction relevance.",4,substrate; membrane; corneal endothelial cell; endothelial cells; zo-1; hexagonal; transplantation,Add to core candidate,Add to endothelial core,Clear endothelial tissue-engineering biomaterial/carrier/scaffold signal with functional or translational relevance.
PUBMED_0304,32622067,Evaluation of reconstructed human corneal endothelium sheets made with porcine Descemet's membrane in vitro and in vivo.,"PURPOSE: To identify the feasibility of reconstructing corneal endothelial sheets by seeding non-infected monoclonal human corneal endothelial cells (HCECs) onto porcine Descemet's membrane (DM) and verifying the function in vitro and in vivo. METHODS: Denuded porcine DM was decellularized for haematoxylin and eosin staining, and DNA was removed via incubation with ethylene glycol diglycidyl ether (EGDE). The physical properties of the incubated DMs were evaluated and compared to those of unincubated DMs. The non-infected monoclonal HCECs were examined by chromosome analysis and the cell proliferation was evaluated by BrdU-labelling. Then HCECs at passage 30 were then seeded on the DM and cultured for approximately 5 days. The cell growth, density and expression of the sodium-potassium adenosine triphosphatase (Na(+)/K(+)-ATPase), the tight-junction-associated protein zonula occludens (ZO-1) and acetylated alpha tubulin were examined by electron microscopy and immunocytochemistry to compare HCECs cultivated on porcine DM and those cultured in vitro. Cells on the reconstructed HCEC sheets were labeled with DiI, and the sheets were subsequently transplanted into cat eyes via DM endothelial keratoplasty (DMEK). The corneal transparency, thickness, anterior segment, and HCEC density were monitored in vivo, and the corneal endothelial cell morphology and histological structure were examined ex vivo 98 days after surgery. RESULTS: No significant differences were observed in the elongation at break of the DMs and the thickness of the DMs incubated with EGDE compared to those of the unincubated DMs (P > 0.05). Results of chromosome analysis shown the number of the HCEC cell line was still 46 and no abnormal chromosome structure was found. BrdU-labelling shown the HCECs stopped proliferating after 5 days and the cells formed a single layer. The cells transferred to porcine DM formed tight connections with the substrate and generated layers of hexagonal cells on day 5. Adjacent cells cultivated on DM were closely attached to each other, tightly adhered to the porcine DM and expressed the Na(+)/K(+)-ATPase, ZO-1 protein and acetylated alpha tubulin, as did HCECs cultured in vitro. In addition, the HCEC density on DMs was 3020.14 ± 52.30 cells/mm(2). After surgery, the corneas gradually became transparent, and the thickness decreased to 525.33 ± 56.23 μm at day 98 after the transplantation, while the control corneas showed consistent oedema during the monitoring period. The HCEC density was 2521.60 ± 78.24 cells/mm(2) in vivo 98 days after transplantation. The histological results showed that the DiI-labeled cells were dense in the transplanted area and had a hexagonal or polygonal morphology and a normal ultrastructure; adjacent cells were closely attached to each other and tightly adhered to the porcine DM. CONCLUSIONS: Seeding non-infected monoclonal HCECs on porcine DM could reconstruct functional corneal endothelial sheets. These results may help uncover new applications for tissue-engineered endothelium in endothelial keratoplasty.",2020,Experimental eye research,10.1016/j.exer.2020.108125,C4_endothelium,1,Include,,endothelium,Medium,"Corrected include: title/abstract indicates corneal tissue engineering, biomaterial/scaffold, engineered construct, decellularized matrix, cell sheet, stem-cell construct, or regeneration/reconstruction relevance.",4,substrate; membrane; sheet; corneal endothelial cell; hcec; endothelial cells; na(+)/k(+)-atpase; zo-1; hexagonal; in vivo; transplantation; surgery,Add to core candidate,Add to endothelial core,Clear endothelial tissue-engineering biomaterial/carrier/scaffold signal with functional or translational relevance.
PUBMED_0322,32805263,Tissue engineered ultra-thin descemet stripping corneal endothelial layers using porcine cornea and stem cells.,"Due to their very poor proliferative capacity, the dysfunction of corneal endothelial cells can sometimes lead to incurable eye diseases that require corneal transplantation. Although many studies have been performed to reconstruct corneal endothelial cells, corneal transplantation is still considered to be the established approach. In this study, we developed bio-engineered Descemet stripping endothelial (DSE) layers, using porcine cornea and induced pluripotent stem cell (iPSC)-derived corneal endothelial cells (iCECs). First, we optimized a protocol to prepare an ultra-thin and decellularized Descemet stripping (DS) scaffold from porcine cornea. Our DS layers show over 90% transparency compared to the control. Porcine-derived cells and xenogenic antigens disappeared, whereas the collagen matrix remained in the graft. Next, corneal endothelial cell lines or iCECs were seeded on the decellularized DS graft and cultured for 7 days. The drying method reduced graft rolling and edema, and increased transparency during culture. The reseeded cells were evenly distributed over the graft, and most of the cells survived. Although future clinical studies are warranted, engineered DSE tissues using xenogenic tissues and stem cells will be useful tools for the treatment of incurable corneal diseases.",2020,Experimental eye research,10.1016/j.exer.2020.108192,C4_endothelium,1,Include,,endothelium,Medium,"Corrected include: title/abstract indicates corneal tissue engineering, biomaterial/scaffold, engineered construct, decellularized matrix, cell sheet, stem-cell construct, or regeneration/reconstruction relevance.",4,scaffold; descemet; corneal endothelial cell; endothelial cells; transparency; transplantation; clinical,Add to core candidate,Add to endothelial core,Clear endothelial tissue-engineering biomaterial/carrier/scaffold signal with functional or translational relevance.
PUBMED_0378,33448665,Bioinspired hydrogel surfaces to augment corneal endothelial cell monolayer formation.,"Corneal endothelial cells (CECs) have limited proliferation ability leading to corneal endothelium (CE) dysfunction and eventually vision loss when cell number decreases below a critical level. Although transplantation is the main treatment method, donor shortage problem is a major bottleneck. The transplantation of in vitro developed endothelial cells with desirable density is a promising idea. Designing cell substrates that mimic the native CE microenvironment is a substantial step to achieve this goal. In the presented study, we prepared polyacrylamide (PA) cell substrates that have a microfabricated topography inspired by the dimensions of CECs. Hydrogel surfaces were prepared via two different designs with small and large patterns. Small patterned hydrogels have physiologically relevant hexagon densities (∼2000 hexagons/mm(2) ), whereas large patterned hydrogels have sparsely populated hexagons (∼400 hexagons/mm(2) ). These substrates have similar elastic modulus of native Descemet's membrane (DM; ∼50 kPa) and were modified with Collagen IV (Col IV) to have biochemical content similar to native DM. The behavior of bovine corneal endothelial cells on these substrates was investigated and results show that cell proliferation on small patterned substrates was significantly (p = 0.0004) higher than the large patterned substrates. Small patterned substrates enabled a more densely populated cell monolayer compared to other groups (p = 0.001 vs. flat and p < 0.0001 vs. large patterned substrates). These results suggest that generating bioinspired surface topographies augments the formation of CE monolayers with the desired cell density, addressing the in vitro development of CE layers.",2021,Journal of tissue engineering and regenerative medicine,10.1002/term.3173,C4_endothelium,1,Include,,endothelium,Medium,"Corrected include: title/abstract indicates corneal tissue engineering, biomaterial/scaffold, engineered construct, decellularized matrix, cell sheet, stem-cell construct, or regeneration/reconstruction relevance.",4,substrate; membrane; descemet; corneal endothelial cell; endothelial cells; monolayer; cell density; transplantation,Add to core candidate,Add to endothelial core,Clear endothelial tissue-engineering biomaterial/carrier/scaffold signal with functional or translational relevance.
PUBMED_0379,33448808,"Ultrathin, Strong, and Cell-Adhesive Agarose-Based Membranes Engineered as Substrates for Corneal Endothelial Cells.","We aimed to bioengineer a scaffold that can facilitate the transplantation of corneal endothelial cells (CEC), given the global shortage of cadaveric donor tissues. Although agarose (A) has outstanding biocompatibility and mechanical properties, it natively does not permit cell adhesion. In this study, agarose was modified with different attachment signals: GRGD (giving AR as product), lysine (AK), poly lysine (AP), and fish-derived gelatin (AG). Samples with varying conjugation ratios were prepared. All products formed bulk hydrogels, which were then collapsed into ultrathin membranes in a controlled environment. Membranes were evaluated for their ability to support attachment of various cell types. Cells, however, preferred the AG series of membrane. Notably, primary rabbit CEC remained attached and viable for ⩾4 weeks. The cells also stained positive for CD166, ZO-1 and Na(+)/K(+) ATPase, indicative of function. The hydrated AG membranes allowed >96% transmittance of visible light. The membranes were typically ∼15 μm thick and did not swell significantly after immersion in PBS. Tensile strength was 49-60 MPa, while young's modulus was 525-596 MPa. This membrane thus offers great promise as a scaffold for CEC during endothelial keratoplasty.",2019,ACS biomaterials science & engineering,10.1021/acsbiomaterials.9b00610,C4_endothelium,1,Include,,endothelium,Medium,"Corrected include: title/abstract indicates corneal tissue engineering, biomaterial/scaffold, engineered construct, decellularized matrix, cell sheet, stem-cell construct, or regeneration/reconstruction relevance.",4,scaffold; substrate; membrane; corneal endothelial cell; endothelial cells; zo-1; rabbit; transplantation,Add to core candidate,Add to endothelial core,Clear endothelial tissue-engineering biomaterial/carrier/scaffold signal with functional or translational relevance.
PUBMED_0382,33463278,Fish-Scale Collagen Membrane Seeded with Corneal Endothelial Cells as Alternative Graft for Endothelial Keratoplasty Transplantation.,"The human corneal endothelium has limited regeneration capacity. Several methods have been developed in an attempt to repair it. Descemet stripping automated endothelial keratoplasty (DSAEK) is commonly performed on patients with endothelial dysfunction. However, donor demand far exceeds donor supply. Here, we prepared fish-scale collagen membrane (FSCM) and seeded it with CECs in preparation for corneal endothelial transplantation. The fish scales were decellularized, decalcified, and curved. The FSCM was inspected by fluorescence microscopy, SEM, and TGA to validate decellularization, microstructure, and decalcification, respectively. The cytotoxicity of FSCM and the viability of the cells in contact with it were evaluated by LDH and WST-1, respectively. CEC tight junctions and ZO-1 structure were observed by SEM and confocal microscopy. FSCM seeded with CECs were implanted to rabbit anterior chambers to evaluate host tissue reactions to it. FSCM biocompatibility and durability were also assessed. The results showed that FSCM has excellent transparency, adequate water content, and good biocompatibility. The cultivated CECs mounted on the FSCM were similar to normal CECs in vivo. The FSCM plus CECs developed here have high potential efficacy for endothelial keratoplasty transplantation.",2020,ACS biomaterials science & engineering,10.1021/acsbiomaterials.9b00562,C4_endothelium,1,Include,,endothelium,Medium,"Corrected include: title/abstract indicates corneal tissue engineering, biomaterial/scaffold, engineered construct, decellularized matrix, cell sheet, stem-cell construct, or regeneration/reconstruction relevance.",4,membrane; descemet; dsaek; corneal endothelial cell; endothelial cells; cultivated; zo-1; transparency; rabbit; in vivo; transplantation,Add to core candidate,Add to endothelial core,Clear endothelial tissue-engineering biomaterial/carrier/scaffold signal with functional or translational relevance.
PUBMED_0421,33939123,Potential of a novel scaffold composed of human platelet lysate and fibrin for human corneal endothelial cells.,"Cell-based therapies have been emerged to find innovative solutions for corneal endothelial dysfunction. The aim of this study is to investigate the suitability of a blended scaffold containing human platelet lysate (HPL) and fibrin not only for cultivating human corneal endothelial cells (HCECs) but also for serving as a scaffold for the respected cells. We isolated HCECs from human donors and encapsulated the cells with three concentrations of HPL/Fibrin scaffold, namely HPL/Fibrin 1, HPL/Fibrin 2 and HPL/Fibrin 3, by adding 28.9, 57.8 and 86.7 mg/dl of fibrinogen to HPL to obtain a final percentage of 10, 20 and 30 % of fibrinogen, respectively. SEM imaging and swelling test were done to characterize the scaffolds. Cell viability assay and cell counting were performed on the cells. HCECs were characterized by morphology and immunocytochemistry. SEM imaging on freeze-dried scaffolds showed higher porosity of HPL/Fibrin 1 and HPL/Fibrin 2 than HPL/Fibrin 3, but larger pores were observed only in HPL/Fibrin 1. Cellular attachment and morphology on HPL/Fibrin 1 were appropriate by SEM imaging. A higher swelling rate was observed in HPL/Fibrin 1. After 3 and 5 days, higher numbers of cells were observed specifically in HPL/Fibrin 1. A higher expression of Na+/K+-ATPase, ZO-1 and vimentin proteins was detected in the HPL/Fibrin 1-cultured HCECs as compared with control (no scaffold). HPL/Fibrin can be used as a suitable scaffold for HCECs while preserving the cells viability. Further investigations are necessitated to approve the beneficial effects of the suggested scaffold for delivering and transplantation of cultivated HCECs into the anterior chamber of the eye.",2022,Cell and tissue banking,10.1007/s10561-021-09931-x,C4_endothelium,1,Include,,endothelium,Medium,"Corrected include: title/abstract indicates corneal tissue engineering, biomaterial/scaffold, engineered construct, decellularized matrix, cell sheet, stem-cell construct, or regeneration/reconstruction relevance.",4,scaffold; corneal endothelial cell; hcec; endothelial cells; zo-1; transplantation,Add to core candidate,Add to endothelial core,Clear endothelial tissue-engineering biomaterial/carrier/scaffold signal with functional or translational relevance.
PUBMED_0469,34552187,Optimization of polycaprolactone - based nanofiber matrices for the cultivation of corneal endothelial cells.,"Posterior lamellar transplantation of the eye' s cornea (DSAEK, DMEK) currently is the gold standard for treating patients with corneal endothelial cell and back surface pathologies resulting in functional impairment. An artificial biomimetic graft carrying human corneal endothelium could minimize the dependency on human donor corneas giving access to this vision-restoring surgery to large numbers of patients, thus reducing current long waiting lists. In this study, four groups of electrospun nanofibrous scaffolds were compared: polycaprolactone (PCL), PCL/collagen, PCL/gelatin and PCL/chitosan. Each of the scaffolds were tissue-engineered with human corneal endothelial cells (HCEC-B4G12) and analyzed with regard to their potential application as artificial posterior lamellar grafts. Staining with ZO-1 and Na(+)/K(+)-ATPase antibodies revealed intact cell functionalities. It could be shown, that blending leads to decreasing contact angle, whereby a heterogeneous blend morphology could be revealed. Scaffold cytocompatibility could be confirmed for all groups via live/dead staining, whereby a significant higher cell viability could be observed for the collagen and gelatine blended matrices with 97 ± 3% and 98 ± 2% living cells respectively. TEM images show the superficial anchoring of the HCECs onto the scaffolds. This work emphasizes the benefit of blended PCL nanofibrous scaffolds for corneal endothelial keratoplasty.",2021,Scientific reports,10.1038/s41598-021-98426-6,C4_endothelium,1,Include,,endothelium,Medium,"Corrected include: title/abstract indicates corneal tissue engineering, biomaterial/scaffold, engineered construct, decellularized matrix, cell sheet, stem-cell construct, or regeneration/reconstruction relevance.",4,scaffold; dmek; dsaek; corneal endothelial cell; hcec; endothelial cells; na(+)/k(+)-atpase; zo-1; transplantation; surgery,Add to core candidate,Add to endothelial core,Clear endothelial tissue-engineering biomaterial/carrier/scaffold signal with functional or translational relevance.
PUBMED_0531,35238557,Novel Corneal Endothelial Cell Carrier Couples a Biodegradable Polymer and a Mesenchymal Stem Cell-Derived Extracellular Matrix.,"Here, we report a transparent, biodegradable, and cell-adhesive carrier that is securely coupled with the extracellular matrix (ECM) for corneal endothelial cell (CEC) transplantation. To fabricate a CEC carrier, poly(lactide-co-caprolactone) (PLCL) solution was poured onto the decellularized ECM (UMDM) derived from in vitro cultured umbilical cord blood-MSCs. Once completely dried, ECM-PLCL was then peeled off from the substrate. It was 20 μm thick, transparent, rich in fibronectin and collagen type IV, and easy to handle. Surface characterizations exhibited that ECM-PLCL was very rough (54.0 ± 4.50 nm) and uniformly covered in high density by ECM and retained a positive surface charge (65.2 ± 57.8 mV), as assessed via atomic force microscopy. Human CECs (B4G12) on the ECM-PLCL showed good cell attachment, with a cell density similar to the normal cornea. They could also maintain a cell phenotype, with nicely formed cell-cell junctions as assessed via ZO-1 and N-cadherin at 14 days. This was in sharp contrast to the CEC behaviors on the FNC-coated PLCL (positive control). A function-related marker, Na(+)/K(+)-ATPase, was also identified via western blot and immunofluorescence. In addition, primary rabbit CECs showed a normal shape and they could express structural and functional proteins on the ECM-PLCL. A simulation test confirmed that CECs loaded on the ECM-PLCL were successfully engrafted into the decellularized porcine corneal tissue, with a high engraftment level and cell viability. Moreover, ECM-PLCL transplantation into the anterior chamber of the rabbit eye for 8 weeks proved the maintenance of normal cornea properties. Taken together, this study demonstrates that our ECM-PLCL can be a promising cornea endothelium graft with an excellent ECM microenvironment for CECs.",2022,ACS applied materials & interfaces,10.1021/acsami.2c01709,C4_endothelium,1,Include,,endothelium,Medium,"Corrected include: title/abstract indicates corneal tissue engineering, biomaterial/scaffold, engineered construct, decellularized matrix, cell sheet, stem-cell construct, or regeneration/reconstruction relevance.",4,carrier; substrate; corneal endothelial cell; na(+)/k(+)-atpase; zo-1; cell density; rabbit; transplantation,Add to core candidate,Add to endothelial core,Clear endothelial tissue-engineering biomaterial/carrier/scaffold signal with functional or translational relevance.
PUBMED_0588,36080636,Customizable Collagen Vitrigel Membranes and Preliminary Results in Corneal Engineering.,"Corneal opacities are a leading cause of visual impairment that affect 4.2 million people annually. The current treatment is corneal transplantation, which is limited by tissue donor shortages. Corneal engineering aims to develop membranes that function as scaffolds in corneal cell transplantation. Here, we describe a method for producing transplantable corneal constructs based on a collagen vitrigel (CVM) membrane and corneal endothelial cells (CECs). The CVMs were produced using increasing volumes of collagen type I: 1X (2.8 μL/mm(2)), 2X, and 3X. The vitrification process was performed at 40% relative humidity (RH) and 40 °C using a matryoshka-like system consisting of a shaking-oven harboring a desiccator with a saturated K(2)CO(3) solution. The CVMs were characterized via SEM microscopy, cell adherence, FTIR, and manipulation in an ex vivo model. A pilot transplantation of the CECs/CVM construct in rabbits was also carried out. The thickness of the CVMs was 3.65-7.2 µm. The transparency was superior to a human cornea (92.6% = 1X; 94% = 2X; 89.21% = 3X). SEM microscopy showed a homogenous surface and laminar organization. The cell concentration seeded over the CVM increased threefold with no significant difference between 1X, 2X, and 3X (p = 0.323). The 2X-CVM was suitable for surgical manipulation in the ex vivo model. Constructs using the CECs/2X-CVM promoted corneal transparency restoration.",2022,Polymers,10.3390/polym14173556,D3_full_thickness_multilayer,1,Include,,endothelium,Medium,"Corrected include: title/abstract indicates corneal tissue engineering, biomaterial/scaffold, engineered construct, decellularized matrix, cell sheet, stem-cell construct, or regeneration/reconstruction relevance.",4,scaffold; membrane; corneal endothelial cell; endothelial cells; transparency; rabbit; transplantation,Add to core candidate,Add to endothelial core,Clear endothelial tissue-engineering biomaterial/carrier/scaffold signal with functional or translational relevance.
PUBMED_0777,38780042,Alginate Hydrogel Integrated with a Human Fibroblast-Derived Extracellular Matrix Supports Corneal Endothelial Cell Functionality and Suppresses Endothelial-Mesenchymal Transition.,"Human corneal transplantation is still the only option to restore the function of corneal endothelial cells (CECs). Therefore, there is an urgent need for hCEC delivery systems to replace the human donor cornea. Here, we propose an alginate hydrogel (AH)-based delivery system, where a human fibroblast-derived, decellularized extracellular matrix (ECM) was physically integrated with AH. This AH securely combined with the ECM (ECM-AH) was approximately 50 μm thick, transparent, and permeable. The surface roughness and surface potential provided ECM-AH with a favorable microenvironment for CEC adhesion and growth in vitro. More importantly, ECM-AH could support the structural (ZO-1) and functional (Na(+)/K(+)-ATPase) markers of hCECs, as assessed via western blotting and quantitative polymerase chain reaction, which were comparable with those of a ferritic nitrocarburizing (FNC)-coated substrate (a positive control). The cell density per unit area was also significantly better with ECM-AH than the FNC substrate at day 7. A simulation test of cell engraftment in vitro showed that hCECs were successfully transferred into the decellularized porcine corneal tissue, where they were mostly alive. Furthermore, we found out that the endothelial-mesenchymal transition (EnMT)-inductive factors (Smad2 and vimentin) were largely declined with the hCECs grown on ECM-AH, whereas the EnMT inhibitory factor (Smad7) was significantly elevated. The difference was statistically significant compared to that of the FNC substrate. Moreover, we also observed that TGF-β1-treated hCECs showed faster recovery of cell phenotype on the ECM. Taken together, our study demonstrates that ECM-AH is a very promising material for hCEC culture and delivery, which endows an excellent microenvironment for cell function and phenotype maintenance.",2024,ACS biomaterials science & engineering,10.1021/acsbiomaterials.4c00040,C4_endothelium,1,Include,,endothelium,Medium,"Corrected include: title/abstract indicates corneal tissue engineering, biomaterial/scaffold, engineered construct, decellularized matrix, cell sheet, stem-cell construct, or regeneration/reconstruction relevance.",4,substrate; corneal endothelial cell; hcec; endothelial cells; na(+)/k(+)-atpase; zo-1; cell density; transplantation,Add to core candidate,Add to endothelial core,Clear endothelial tissue-engineering biomaterial/carrier/scaffold signal with functional or translational relevance.
PUBMED_0910,40221533,Tissue engineered corneal endothelium transplantation in an ex vivo human cornea organ culture model.,"Transplantation of corneal tissue is the standard treatment for irreversible corneal endothelium decompensation by replacing the malfunctioning corneal endothelial cells and Descemet's membrane. However, this surgery depends on limited donor tissue supply. Thus, developing suitable alternatives for donor grafting material through a tissue engineering approach is needed to enable the transplantation of cultured endothelial cells to restore normal endothelial function. Here, we proposed using a plastic compressed collagen 3D matrix called Real Architecture For 3D Tissues (RAFT) as a scaffold for cell culture. The porcine cornea endothelial cells (PCECs) were seeded on RAFT to construct a tissue-engineered corneal endothelium. Then, the porcine cell-seeded-RAFT graft was transplanted onto a human cornea and maintained in an ex vivo organ culture model. The results showed that PCECs formed a high-density monolayer on RAFT expressing endothelial cell markers, ZO-1, Na/K ATPase and N-cadherin. More importantly, the cell-seeded RAFT transplantation successfully restored corneal endothelium function, drawing the thickness of endothelium-wounded cornea back to normal in two weeks of the ex vivo human cornea organ culture.",2025,Scientific reports,10.1038/s41598-025-96494-6,C4_endothelium,1,Include,,endothelium,Medium,"Corrected include: title/abstract indicates corneal tissue engineering, biomaterial/scaffold, engineered construct, decellularized matrix, cell sheet, stem-cell construct, or regeneration/reconstruction relevance.",4,scaffold; membrane; descemet; corneal endothelial cell; endothelial cells; cell culture; zo-1; transplantation; surgery,Add to core candidate,Add to endothelial core,Clear endothelial tissue-engineering biomaterial/carrier/scaffold signal with functional or translational relevance.
PUBMED_0925,40366209,Addition of Microscale Topographies to Silk Fibroin Film Modulates Corneal Endothelial Cell Behavior.,"Biomimicry in tissue engineering has been used to improve the function of a structure by closely replicating the native architecture. One such method is the introduction of micro- and nanotopographical patterns on biomaterials that mimic the native extracellular environment to enhance cell behavior and function before and after clinical transplantation. Earlier studies from our laboratory had shown that silk fibroin films offer promising potential for corneal endothelial regeneration because of their optimum optical, mechanical, and functional properties. In this study, we hoped to improve upon the design by incorporating micropatterns that are present in the native tissue on the surface of silk films. Fibroin protein from Antheraea assamensis worms was used to prepare films with and without patterns (hexagons and microgrooves) on their surface. The mechanical and optical properties of these films were analyzed by measuring the Young's modulus and light transmittance in the visible spectrum. Cell adhesion and proliferation were determined using the MTT assay and Ki67 staining, respectively. Morphometric analysis of cell shape and size was performed using the ImageJ software, and the expression of markers was visualized and quantified using immunostaining and Western blot. Patterned films demonstrated enhanced elasticity, roughness, and hydrophilicity compared to flat films. No significant difference was observed in cell adhesion between the flat and patterned films. The percentage of proliferating cells was significantly reduced on the patterned films, especially on hexagons. The cell area and circularity on flat films were comparable to microgrooves, whereas cells on hexagons displayed larger and more variable sizes. Notably, the expression of Na-K ATPase (a critical pump protein) was significantly higher in cells grown on microgrooves than on other substrates. These findings suggest that incorporating simple micropatterns on the surface of silk fibroin films can improve the morphology and functional quality of corneal endothelial cells, providing insights into the development of biomaterial-based strategies for endothelial transplantation.",2025,ACS biomaterials science & engineering,10.1021/acsbiomaterials.5c00200,C4_endothelium,1,Include,,endothelium,Medium,"Corrected include: title/abstract indicates corneal tissue engineering, biomaterial/scaffold, engineered construct, decellularized matrix, cell sheet, stem-cell construct, or regeneration/reconstruction relevance.",4,substrate; corneal endothelial cell; endothelial cells; pump; transplantation; clinical,Add to core candidate,Add to endothelial core,Clear endothelial tissue-engineering biomaterial/carrier/scaffold signal with functional or translational relevance.
PUBMED_0940,40536661,Corneal Endothelium Regeneration with Decellularized Porcine Corneal Extracellular Matrix Scaffolds.,"BACKGROUND: To evaluate the structural, biochemical, and functional performance of decellularized porcine corneal extracellular matrix (dECM) scaffolds for engineering human corneal endothelium. METHODS: Porcine corneas were decellularized using either 0.3% sodium dodecyl sulfate (SDS) or 1.5 M sodium chloride (NaCl), followed by enzymatic nucleic acid digestion. Histological and biochemical analyses were performed to assess decellularization efficiency and extracellular matrix preservation. Human corneal endothelial cells (hCECs) were cultured on SDS-dECM scaffolds to evaluate cytocompatibility, morphology, and functional outcomes. Therapeutic efficacy was further assessed using a rabbit model of corneal endothelial dystrophy (CED). RESULTS: SDS-treated corneas showed superior nuclear clearance (residual DNA: 123.60 ± 8.92 ng/mg) compared to NaCl (146.15 ± 5.49 ng/mg), with 95.2% retention of sulfated glycosaminoglycans (sGAGs) and moderate collagen loss (40% of native). In contrast, NaCl better preserved collagen (100% of native) but exhibited incomplete decellularization and lower sGAG retention (71.0%). In vitro, hCECs cultured on SDS-dECM exhibited progressive proliferation, with cell viability surpassing that of TCPS by day 14 (389.01 ± 5.68 vs. 359.65 ± 7.92, p < 0.05). Immunofluorescence confirmed polygonal morphology and ZO-1 expression, indicating intact barrier phenotype. Transparency of dECM scaffolds improved with hCEC culture, with light transmittance at 400 nm increasing from 65.82% (acellular) to 90.13% (double-sided culture). In vivo transplantation of hCEC-seeded SDS-dECM resulted in dose-dependent corneal clarity restoration, with the high-dose group achieving transparency and pachymetry comparable to normal corneas (thickness ~ 602 µm, grading score 0.00 ± 0.00) by 16 weeks. CONCLUSIONS: SDS-dECM scaffolds demonstrated excellent biocompatibility and functional support for human corneal endothelial cells, both in vitro and in vivo. These findings support their potential use as bioengineered alternatives to donor corneas for treating endothelial dysfunction.",2025,Tissue engineering and regenerative medicine,10.1007/s13770-025-00734-9,C4_endothelium,1,Include,,endothelium,Medium,"Corrected include: title/abstract indicates corneal tissue engineering, biomaterial/scaffold, engineered construct, decellularized matrix, cell sheet, stem-cell construct, or regeneration/reconstruction relevance.",4,scaffold; corneal endothelial cell; hcec; endothelial cells; zo-1; barrier; transparency; rabbit; in vivo; transplantation,Add to core candidate,Add to endothelial core,Clear endothelial tissue-engineering biomaterial/carrier/scaffold signal with functional or translational relevance.
PUBMED_0981,40986463,Tissue-Engineered Endothelial Keratoplasty with Controlled Cell Density: Toward Super TEEKs.,"Over the past 20 years, endothelial keratoplasty procedures have revolutionized the treatment of corneal endothelial disorders. These conditions have now become the leading indication for corneal transplantation in Western countries and account for half of all donor cornea usage. Despite their undeniable success, the global shortage of donor tissues and major disparities between nations justify the development of alternatives to donor grafts. Cell therapy using injections of suspended endothelial cells has proven effective, and tissue-engineered endothelial keratoplasty (TEEK), comprising a membrane coated with cultured endothelial cells, is under development to better mimic the native endothelial graft. Our team utilizes a femtosecond-laser-cut lens capsule disc as a bioengineering scaffold, taking advantage of this novel tissue's biocompatibility, transparency, curvature, and availability. In the present study, we provide proof of concept, in 12 TEEKs, that it is possible to control the final endothelial cell density (ECD) by varying the seeding density per mm(2). Cell characterization was performed through morphometric analysis of the endothelial mosaic stained with anti-NCAM (a lateral membrane marker used as a differentiation marker), using the CellPose artificial intelligence algorithm specifically trained for in vitro endothelium segmentation. Five criteria related to pleomorphism, polymorphism, and elongation were combined into a single endothelial quality score. The median cell viability at 28 days of culture, assessed by Hoechst 33342 and Calcein-AM staining, reached 98% (range: 83-99%). The median viable ECD (number of live cells per surface unit) in the highest-density group was 3.245 cells/mm(2) (range: 2.778-3.753), paving the way for the bioengineering of supra-physiological TEEKs, or ""super TEEKs"".",2025,Tissue engineering. Part A,10.1177/19373341251381346,C4_endothelium,1,Include,,endothelium,Medium,"Corrected include: title/abstract indicates corneal tissue engineering, biomaterial/scaffold, engineered construct, decellularized matrix, cell sheet, stem-cell construct, or regeneration/reconstruction relevance.",4,scaffold; membrane; endothelial keratoplasty; endothelial cells; cell density; transparency; transplantation,Add to core candidate,Add to endothelial core,Clear endothelial tissue-engineering biomaterial/carrier/scaffold signal with functional or translational relevance.
PUBMED_0021,29281419,Electro-spun Membranes as Scaffolds for Human Corneal Endothelial Cells.,"BACKGROUND: Corneal endothelial dysfunction remains the most frequent indication for corneal transplantation, limited by donor material shortage, poor long-term graft survival, or allogeneic graft rejection. Therefore, tissue-engineered endothelial grafts (TEEG) represent a promising alternative to human donor tissue. In this study, we generated electro-spun scaffolds and tested these for their suitability for human corneal endothelial cell (hCEC) cultivation. METHODS: The polymers poly(methyl-methacrylate) (PMMA), poly(lactic-co-glycolic acid) (PLGA), and polycaprolactone (PCL) were spun with equal parameters. HCEC-12 was cultured on the scaffolds for 3 to 7 days. Scaffolds were evaluated by light microscopy, porometry, light transmission, scanning electron microscopy (SEM), live/dead staining and cell viability assay. RESULTS: Electro-spun fibers from PMMA (2.99 ± 0.24 µm) showed significantly higher diameters than PCL (2.29 ± 0.11 µm; p = 0.003) and PLGA (1.84 ± 0.21 µm; p < 0.001), while fibers from PCL also showed larger diameters than those from PLGA (p = 0.002). PMMA scaffolds (26.77 ± 17.48 µm) had significantly larger interstitial spaces than those from PCL (13.30 ± 5.47 µm; p = 0.04) and PLGA (10.42 ± 6.15 µm; p = 0.002), while PCL and PLGA did not differ significantly (p = 0.26). SEM analysis revealed that only PLGA fibers preserved a normal HCEC-12 morphology. PLGA and PCL did not differ in cell number, death, or viability after 7 days of HCEC-12 cultivation. PMMA showed significantly higher cytotoxicity (p < 0.001; PLGA: 1626.2 ± 183.8 RLU; PMMA: 841.9 ± 92.7 RLU; PCL: 1580.2 ± 171.02 RLU). CONCLUSIONS: The biodegradable PLGA and PCL electro-spun scaffolds resulted in equal biocompatibility, while PMMA showed cytotoxicity. Only PLGA preserved hCEC morphology and consequently seems to be a promising candidate for TEEG construction.",2018,Current eye research,10.1080/02713683.2017.1377258,D3_full_thickness_multilayer,1,Include,,endothelium,Medium,"Corrected include: title/abstract indicates corneal tissue engineering, biomaterial/scaffold, engineered construct, decellularized matrix, cell sheet, or regeneration/reconstruction relevance.",3,scaffold; membrane; corneal endothelial cell; hcec; endothelial cells; transplantation,Add to core candidate,Add to endothelial core,Clear endothelial tissue-engineering biomaterial/carrier/scaffold signal with functional or translational relevance.
PUBMED_0034,29430874,Characterizing human decellularized crystalline lens capsules as a scaffold for corneal endothelial tissue engineering.,"The idea of transplanting a sheet of laboratory-grown corneal endothelium dates back to 1978; however, the ideal scaffold is still lacking. We hypothesized that human crystalline lens capsules (LCs) could qualify as a scaffold and aimed to characterize the properties of this material for endothelial tissue engineering. LCs were isolated from donor eyes, stored at -80 °C, and decellularized with water and trypsin-EDTA. The decellularization was investigated by nuclear staining and counting and the capsule thickness was determined by optical coherence tomography and compared with Descemet's membrane (DM). Transparency was examined by spectrometry, and collagenase degradation was performed to evaluate its resistance to degradation. Cell-scaffold interaction was assessed by measuring focal adhesions surface area on LC and plastic. Finally, primary corneal endothelial cells were grown on LCs to validate the phenotype. Trypsin-EDTA decellularized most effectively, removing 99% of cells. The mean LC thickness was 35.76 ± 0.43 μm, whereas DM measured 25.93 ± 0.26 μm (p < .0001). Light transmission was 90% for both LC and DM. On a collagenase challenge, LC and amniotic membrane were digested after 13 hr, whereas DM was digested after 17 hr. The surface area of focal adhesions for cells grown on coated LCs was at least double that compared with other conditions, whereas tight junctions, ion pumps, and hexagonal morphology were well maintained when endothelial cells were cultured on LCs. In conclusion, LCs demonstrate excellent scaffolding properties for tissue engineering and sustain the cell phenotype and can be considered a suitable substrate for ocular tissue engineering or as a template for future scaffolds.",2018,Journal of tissue engineering and regenerative medicine,10.1002/term.2633,C4_endothelium,1,Include,,endothelium,Medium,"Corrected include: title/abstract indicates corneal tissue engineering, biomaterial/scaffold, engineered construct, decellularized matrix, cell sheet, or regeneration/reconstruction relevance.",3,scaffold; substrate; membrane; corneal endothelial cell; endothelial cells; pump; hexagonal; transparency,Add to core candidate,Add to endothelial core,Clear endothelial tissue-engineering biomaterial/carrier/scaffold signal with functional or translational relevance.
PUBMED_0068,29853917,Fish Scale-Derived Scaffolds for Culturing Human Corneal Endothelial Cells.,"PURPOSE: To investigate the biocompatibility of fish scale-derived scaffolds (FSS) with primary human corneal endothelial cells (HCEnCs). METHODS: HCEnCs were isolated from 30 donor corneas in a donor-matched study and plated in precoated Lab-Tek slides (n = 15) and FSS (n = 15). Cell morphology, proliferation/migration, and glucose uptake were studied (n = 30). Hoechst, ethidium homodimer, and calcein AM (HEC) staining was performed to determine viability and toxicity (n = 6). The cell surface area was calculated based on calcein AM staining. HCEnCs were stained for ZO-1 (n = 6) to detect tight junctions and to measure cell morphology; Ki-67 (n = 6) to measure proliferating cells; and vinculin to quantify focal adhesions (n = 6). The formation of de novo extracellular matrix was analyzed using histology (n = 6). RESULTS: HCEnCs attach and grow faster on Lab-Tek slides compared to the undulating topography of the FSS. At day 11, HCEnCs on Lab-Tek slide grew 100% confluent, while FSS was only 65% confluent (p = 0.0883), with no significant difference in glucose uptake between the two (p = 0.5181) (2.2 μg/mL in Lab-Tek versus 2.05 μg/mL in FSS). HEC staining showed no toxicity. The surface area of the cells in Lab-Tek was 409.1 μm(2) compared to 452.2 μm(2) on FSS, which was not significant (p = 0.5325). ZO-1 showed the presence of tight junctions in both conditions; however, hexagonality was higher (74% in Lab-Tek versus 45% in FSS; p = 0.0006) with significantly less polymorphic cells on Lab-Tek slides (8% in Lab-Tek versus 16% in FSS; p = 0.0041). Proliferative cells were detected in both conditions (4.6% in Lab-Tek versus 4.2% in FSS; p = 0.5922). Vinculin expression was marginally higher in HCEnCs cultured on Lab-Tek (234 versus 199 focal adhesions; p = 0.0507). Histological analysis did not show the formation of a basement membrane. CONCLUSIONS: HCEnCs cultured on precoated FSS form a monolayer, displaying correct morphology, cytocompatibility, and absence of toxicity. FSS needs further modification in terms of structure and surface chemistry before considering it as a potential carrier for cultured HCEnCs.",2018,Stem cells international,10.1155/2018/8146834,C4_endothelium,1,Include,,endothelium,Medium,"Corrected include: title/abstract indicates corneal tissue engineering, biomaterial/scaffold, engineered construct, decellularized matrix, cell sheet, or regeneration/reconstruction relevance.",3,carrier; scaffold; membrane; corneal endothelial cell; endothelial cells; monolayer; zo-1; hexagonal,Add to core candidate,Add to endothelial core,Clear endothelial tissue-engineering biomaterial/carrier/scaffold signal with functional or translational relevance.
PUBMED_0171,31258659,Ex vivo construction of rabbit corneal endothelial cell sheets on a porcine descemet membrane graft.,"The aim of the present study was to investigate the feasibility of a new graft construction method using rabbit corneal endothelial cells (RCECs) and a porcine descemet membrane (DM) carrier. RCECs were isolated and the experimental group was treated with Y-27632, whereas the control group were cultured in medium without Y-27632. RCEC morphology was observed using an inverted microscope, and cell proliferation and apoptosis were detected by flow cytometry. To confirm the presence of RCECs, reverse transcription-quantitative PCR was used to detect gene expression levels of Na+-K+-ATPase, aquaporin 1, collagen α(2) (IV), collagen α(1) (VIII) and keratin-12. Histocompatibility testing was used to detect porcine DM antigenicity. A DM-RCEC graft was constructed, and morphology was observed using alizarin red-trypan blue and haematoxylin and eosin staining. Cell membrane potential was measured to evaluate the physical function of the DM-RCEC graft. Complex graft tension was measured using a modified tension detector and compared with fresh porcine DM-endothelium complex. In vitro-cultured RCECs formed a monolayer with a polygon morphology and cobblestone-like arrangement. In vitro-cultured RCECs exhibited typical RCEC characteristics before and after transplantation. The proliferation rates of the experimental and control groups were 62.68 and 34.50%, respectively (P<0.05); the apoptosis rates of the experimental and control groups were 8.99 and 35.68%, respectively (P<0.05). There was no antigenicity observed with the porcine DM. The action potential amplitude of the experimental and control groups was over -80 mV, reflecting normal RCEC physiological function. The tension measurements of the experimental and control groups were 20.0248±1.048 and 20.5013±0.657 g, respectively (P>0.05). Taken together, the results of the present study demonstrated that Y-27632 enhanced RCEC proliferation. In addition, the findings revealed the successful ex vivo construction of a RCEC sheet on a porcine DM graft.",2019,Experimental and therapeutic medicine,10.3892/etm.2019.7573,C4_endothelium,1,Include,,endothelium,Medium,"Corrected include: title/abstract indicates corneal tissue engineering, biomaterial/scaffold, engineered construct, decellularized matrix, cell sheet, stem-cell construct, or regeneration/reconstruction relevance.",3,carrier; membrane; sheet; corneal endothelial cell; endothelial cells; monolayer; rabbit; transplantation,Add to core candidate,Add to endothelial core,Clear endothelial tissue-engineering biomaterial/carrier/scaffold signal with functional or translational relevance.
PUBMED_0349,33072921,Experimental design of a culture approach for corneal endothelial cells of New Zealand white rabbit.,"The harvesting of corneal endothelial cells (CEC) has received special attention due to its potential as a therapy for corneal blindness. The main challenges are related to the culture media formulation, cellular density at the primary isolation, and the number of passages in which CEC can retain their functional characteristics. To alternate different media formulations to harvest CEC has an impact on the cellular yield and morphology. Therefore, we analyzed four different sequences of growth factor-supplemented Stimulatory (S) and non-supplemented Quiescent (Q) media, upon passages to find the optimal S-Q culture sequence. We assessed cell yield, morphology, procollagen I production, Na(+)/K(+)-ATPase function, and the expression of ZO-1 and Na(+)/K(+)-ATPase. Our results show SQSQ and SQQQ sequences with a balance between an improved cell yield and hexagonal morphology rate. CEC cultured in the SQQQ sequence produced procollagen I, showed Na(+)/K(+)-ATPase function, and expression of ZO-1 and Na(+)/K(+)-ATPase. Our study sets a culture approach to guarantee CEC expansion, as well as functionality for their potential use in tissue engineering and in vivo analyses. Thus, the alternation of S and Q media improves CEC culture. SQQQ sequence demonstrated CEC proliferation and lower the cost implied in SQSQ sequences. We discarded the use of pituitary extract and ROCK inhibitors as essential for CEC proliferation.",2020,Heliyon,10.1016/j.heliyon.2020.e05178,C4_endothelium,1,Include,,endothelium,Medium,"Corrected include: title/abstract indicates corneal tissue engineering, biomaterial/scaffold, engineered construct, decellularized matrix, cell sheet, stem-cell construct, or regeneration/reconstruction relevance.",3,corneal endothelial cell; endothelial cells; na(+)/k(+)-atpase; zo-1; hexagonal; rabbit; in vivo,Add to core candidate,Exclude/background,Culture approach only; weak biomaterial/scaffold benchmarking signal.
PUBMED_0362,33259606,Collagen Remodeling Plays a Pivotal Role in Endothelial Corneal Dystrophies.,"PURPOSE: To elucidate the collagen structure in the Descemet membrane (DM) of the human cornea and to characterize its rearrangement in patients with endothelial corneal dystrophies. METHODS: Corneas from nine human donors and dystrophic DMs removed from 16 affected eyes of 13 patients by endothelial keratoplasty (DMEK) were investigated using a correlative RT-qPCR and label-free two-channel multiphoton microscopy (MPM) setup. Although collagen formation was visualized by second harmonic generation, the cellular structure was determined by autofluorescence. RESULTS: The DM of the human donor cornea was characterized by a consistent pattern of fine hexagonal collagen structures that form a supportive scaffold for the endothelial cells. Accordingly, network-forming collagens (8A1 and 8A2) but less fibrillar collagens (only 1A2) were expressed. DMEK resulted in significant (P < 0.0001) improvement of best-corrected visual acuity. In the removed dystrophic DMs, MPM analyses revealed collagen rearrangement in addition to loss of endothelial cells and the development of guttae. MPM analyses of the whole patient's DM demonstrated this collagen remodeling in its entirety and facilitated correlation to Scheimpflug corneal tomography. In most DMs a unique honeycomb collagen network was identified, with distinct bundles surrounding the guttae and correlating with expression of fibrillar collagens (1A1). Conversely, some DMs showed either reduced collagen on MPM and RT-qPCR analysis or diffuse thickening and storage of extracellular matrix. CONCLUSIONS: The collagen structure of the DM and its adaptive remodeling in endothelial corneal dystrophies has been characterized for the first time here and will facilitate individual therapeutic approaches.",2020,Investigative ophthalmology & visual science,10.1167/iovs.61.14.1,C4_endothelium,1,Include,,endothelium,Medium,"Corrected include: title/abstract indicates corneal tissue engineering, biomaterial/scaffold, engineered construct, decellularized matrix, cell sheet, stem-cell construct, or regeneration/reconstruction relevance.",3,scaffold; membrane; descemet; endothelial cells; hexagonal,Add to core candidate,Exclude/background,Disease/mechanistic collagen-remodeling paper; not a primary biomaterial engineering study.
PUBMED_0537,35358736,Construction of tissue-engineered human corneal endothelium for corneal endothelial regeneration using a crosslinked amniotic membrane scaffold.,"Descemet's membrane endothelial keratoplasty (DMEK) may provide fast visual rehabilitation in the therapy of corneal endothelial disorders. However, due to shortage of donated corneas, how to construct a corneal endothelial substitute with powerful functions that can be used for DMEK is still unsolved. Herein, we introduced the method of corneal crosslinking (CXL) and conjugated the components of native Descemet's membrane (DM) to improve the mechanical properties and the biocompatibility of denuded amniotic membrane (dAM), further assessed their effects on cell adhesion, proliferation, YAP translocation, and metabolic activity in human corneal endothelial (HCE) cells. Using modified crosslinked dAM (mcdAM) and non-transfected HCE cells, we constructed a tissue-engineered HCE (TE-HCE) and evaluated its functions in cat and monkey models as well. Our results showed that the mechanical properties of mcdAM were improved effectively by CXL, and the adhesion, proliferation, and YAP translocation of HCE cells were dose-dependently improved after ECM modification. The combination of 0.01 mg/mL laminin with 0.1 mg/mL fibronectin showed the highest efficacy. Then, the TE-HCE was constructed in vitro, with a high density of 3612 ± 243 cells/mm(2). Results of DMEK in animal models showed that corneal transparency was maintained, accompanied with normal morphology and histological structure of the regenerated corneal endothelium. Therefore, CXL combined with DM-mimic-coating methods could effectively improve the mechanical properties of dAM and enhance the biocompatibility with HCE cells. The constructed TE-HCE had normal histological structure and functioned well in animal models via DMEK, which could be used as a promising powerful equivalent of HCE. STATEMENT OF SIGNIFICANCE: Using high-quality corneal endothelium and an appropriate endothelial keratoplasty is the most effective way for the treatment of corneal endotheliopathy. Descemet's membrane endothelial keratoplasty (DMEK) which can provide better visual acuity, lower immunological rejection rates, and improved graft survival is an ideal surgery at present. However, due to the shortage of donated corneas, it is urgent to find an equivalent substitute of corneal endothelial donor which is suitable for the DMEK surgery to solve the problem of corneal endothelial regeneration. Herein, we introduced the clinical cornea-crosslinking and Descemet's membrane-mimic-coating methods to build the modified crosslinked denuded amniotic membrane scaffold and further constructed a high-quality corneal endothelial functional substitute that can be used in DMEK surgery.",2022,Acta biomaterialia,10.1016/j.actbio.2022.03.039,D3_full_thickness_multilayer,1,Include,,endothelium,Medium,"Corrected include: title/abstract indicates corneal tissue engineering, biomaterial/scaffold, engineered construct, decellularized matrix, cell sheet, stem-cell construct, or regeneration/reconstruction relevance.",3,scaffold; membrane; descemet; transparency; monkey; clinical; surgery,Add to core candidate,Add to endothelial core,Clear endothelial tissue-engineering biomaterial/carrier/scaffold signal with functional or translational relevance.
PUBMED_0649,37023465,In Vitro Profiling of the Extracellular Matrix and Integrins Expressed by Human Corneal Endothelial Cells Cultured on Silk Fibroin-Based Matrices.,"Developing a scaffold for culturing human corneal endothelial (HCE) cells is crucial as an alternative cell therapeutic approach to bridge the growing gap between the demand and availability of healthy donor corneas for transplantation. Silk films are promising substrates for the culture of these cells; however, their tensile strength is several-fold greater than the native basement membrane which can possibly influence the dynamics of cell-matrix interaction and the extracellular matrix (ECM) secreted by the cells in long-term culture. In our current study, we assessed the secretion of ECM and the expression of integrins by the HCE cells on Philosamia ricini (PR) and Antheraea assamensis (AA) silk films and fibronectin-collagen (FNC)-coated plastic dishes to understand the cell-ECM interaction in long-term culture. The expression of ECM proteins (collagens 1, 4, 8, and 12, laminin, and fibronectin) on silk was comparable to that on the native tissue. The thicknesses of collagen 8 and laminin at 30 days on both PR (4.78 ± 0.55 and 5.53 ± 0.51 μm, respectively) and AA (4.66 ± 0.72 and 5.71 ± 0.61 μm, respectively) were comparable with those of the native tissue (4.4 ± 0.63 and 5.28 ± 0.72 μm, respectively). The integrin expression by the cells on the silk films was also comparable to that on the native tissue, except for α3 whose fluorescence intensity was significantly higher on PR (p ≤ 0.01) and AA (p ≤ 0.001), compared to that on the native tissue. This study shows that the higher tensile strength of the silk films does not alter the ECM secretion or cell phenotype in long-term culture, confirming the suitability of using this material for engineering the HCE cells for transplantation.",2023,ACS biomaterials science & engineering,10.1021/acsbiomaterials.2c01566,C4_endothelium,1,Include,,endothelium,Medium,"Corrected include: title/abstract indicates corneal tissue engineering, biomaterial/scaffold, engineered construct, decellularized matrix, cell sheet, stem-cell construct, or regeneration/reconstruction relevance.",3,scaffold; substrate; membrane; corneal endothelial cell; endothelial cells; transplantation,Add to core candidate,Add to endothelial core,Clear endothelial tissue-engineering biomaterial/carrier/scaffold signal with functional or translational relevance.
PUBMED_0739,38247948,U-Net Convolutional Neural Network for Real-Time Prediction of the Number of Cultured Corneal Endothelial Cells for Cellular Therapy.,"Corneal endothelial decompensation is treated by the corneal transplantation of donor corneas, but donor shortages and other problems associated with corneal transplantation have prompted investigations into tissue engineering therapies. For clinical use, cells used in tissue engineering must undergo strict quality control to ensure their safety and efficacy. In addition, efficient cell manufacturing processes are needed to make cell therapy a sustainable standard procedure with an acceptable economic burden. In this study, we obtained 3098 phase contrast images of cultured human corneal endothelial cells (HCECs). We labeled the images using semi-supervised learning and then trained a model that predicted the cell centers with a precision of 95.1%, a recall of 92.3%, and an F-value of 93.4%. The cell density calculated by the model showed a very strong correlation with the ground truth (Pearson's correlation coefficient = 0.97, p value = 8.10 × 10(-52)). The total cell numbers calculated by our model based on phase contrast images were close to the numbers calculated using a hemocytometer through passages 1 to 4. Our findings confirm the feasibility of using artificial intelligence-assisted quality control assessments in the field of regenerative medicine.",2024,"Bioengineering (Basel, Switzerland)",10.3390/bioengineering11010071,C4_endothelium,1,Include,,endothelium,Medium,"Corrected include: title/abstract indicates corneal tissue engineering, biomaterial/scaffold, engineered construct, decellularized matrix, cell sheet, stem-cell construct, or regeneration/reconstruction relevance.",3,corneal endothelial cell; hcec; endothelial cells; cell density; transplantation; clinical,Add to core candidate,Exclude/background,Software/cell counting method for cellular therapy; not a biomaterial benchmarking study.
PUBMED_0827,39386038,The time dependent influence of curvature and topography of biomaterials in the behavior of corneal endothelial cells.,"Among the different layers of the cornea, the corneal endothelium, which is composed of corneal endothelial cells (CEC), plays a key role in the maintenance of cornea transparency. Based on the donor shortages and the limitations associated with transplantation, in this work we have developed collagen hydrogels with different patterned structures on the surface to provide topographies in ranges similar to the natural environment that CEC sense. This aimed at stimulating cells to maintain a typical CEC phenotype and provide alternatives to corneal transplantation. In this sense, we have elaborated curved collagen hydrogels (concave and convex) with three different topographies (50, 200 and 300 µm grooves), with the help of 3D printed mold and replicating the mold with the collagen hydrogel, onto which CEC were cultured in order to analyze its behavior. Flat hydrogels were used as controls. Cell morphology, cell circularity and gene expression of ATP1A1 and ZO-1 genes were analyzed after 3 and 6 days. Results showed an effect of the curvature and the topography compared to flat collagen hydrogels, showing higher expression of ZO-1 and ATP1A1 in curved non-patterned hydrogels at day 3. The patterned hydrogels did not have such a significant effect on gene expression compared to flat hydrogels, showing stronger effect of the curvature compared to the topography. The effect was opposite at day 6, showing higher gene expression at days 6 on the patterned hydrogels, especially for the ZO-1 gene. The gene expression results were in accordance with the cell morphology observed at the different time points, showing circularities closer to hexagon like morphology at shorter time points. Overall, this platform can serve as a system to culture cell under proper environment to further be able to transplant a CEC monolayer or to allow transplantation of thin collagen layers with cultured CEC.",2024,Frontiers in bioengineering and biotechnology,10.3389/fbioe.2024.1454675,C4_endothelium,1,Include,,endothelium,Medium,"Corrected include: title/abstract indicates corneal tissue engineering, biomaterial/scaffold, engineered construct, decellularized matrix, cell sheet, stem-cell construct, or regeneration/reconstruction relevance.",3,corneal endothelial cell; endothelial cells; monolayer; zo-1; transparency; transplantation,Add to core candidate,Add to endothelial core,Clear endothelial tissue-engineering biomaterial/carrier/scaffold signal with functional or translational relevance.
PUBMED_1014,41356124,ECM stiffness governs endothelial barrier integrity through YAP-mediated stabilization of ZO-1.,"The integrity of intercellular junctions is essential for maintaining tissue barriers and preventing pathological fluid leakage. While reduced extracellular matrix (ECM) stiffness has emerged as a biomechanical trigger for barrier dysfunction, the underlying mechanotransduction mechanisms remain poorly understood. In this study, employing tunable polyacrylamide hydrogels to model physiological and pathological ECM stiffness, we demonstrate that matrix softening occurs earlier than morphological changes in corneal endothelial cells (CEnCs) and triggers junctional disassembly by impairing the membrane localization and stability of the tight junction protein ZO-1. Mechanistically, we uncover a novel non-canonical role for YAP in binding and stabilizing ZO-1, thereby shielding it from ubiquitin-proteasome degradation. Furthermore, we elucidate a synergistic interplay between FAK and Hippo signaling pathways, which converges on YAP to modulate junctional integrity in response to ECM stiffness. Computational modeling further elucidates the spatiotemporal dynamics of stress propagation during ECM softening, providing a biomechanical framework for intercellular gap formation and cell detachment. Collectively, these results establish matrix stiffness as a pivotal modulator of cell-cell junctions, yielding fresh perspectives for harnessing engineered biomaterials in the fabrication of robust tissue barriers.",2026,Bioactive materials,10.1016/j.bioactmat.2025.10.029,C4_endothelium,1,Include,,endothelium,Medium,"Corrected include: title/abstract indicates corneal tissue engineering, biomaterial/scaffold, engineered construct, decellularized matrix, cell sheet, stem-cell construct, or regeneration/reconstruction relevance.",3,membrane; corneal endothelial cell; endothelial cells; zo-1; barrier,Add to core candidate,Exclude/background,Mechanistic ECM stiffness/barrier paper; not clearly a corneal biomaterial scaffold/implant study.
PUBMED_0057,29698634,Function-Related Protein Expression in Fuchs Endothelial Corneal Dystrophy Cells and Tissue Models.,"Fuchs endothelial corneal dystrophy (FECD) is a corneal pathology that affects the endothelial cell's ability to maintain deturgescence, resulting in a progressive loss of corneal transparency. In this study, we investigated the expression of function-related proteins in corneal endothelial cells using FECD or healthy corneal endothelial cells, either in a cell culture two-dimensional model or in an engineered corneal endothelium three-dimensional tissue model. No statistically significant difference in gene regulation was observed for the function-related families ATP1, SLC4, SLC16, AQP, TJP, and CDH between the FECD and the healthy cell models. Similarly, no difference in barrier integrity (transendothelial electrical resistance measurements and permeability assays) was observed in vitro between FECD and healthy cultured cells. Protein expression of the key function-related families was decreased for Na(+)/K(+)-ATPase α1 subunit, monocarboxylate transporters 1 and 4 in native ex vivo end-stage FECD specimens, whereas it returned to levels comparable to that of healthy tissues in the engineered FECD model. These results indicate that cell expansion and tissue engineering culture conditions can generate a corneal endothelium from pathologic FECD cells, with levels of function-related proteins similar to that of healthy tissues. Overall, these results explain why it is possible to reform a functional endothelium using corneal endothelial cells isolated from nonfunctional FECD pathologic specimens.",2018,The American journal of pathology,10.1016/j.ajpath.2018.03.014,C4_endothelium,1,Include,,endothelium,Medium,"Corrected include: title/abstract indicates corneal tissue engineering, biomaterial/scaffold, engineered construct, decellularized matrix, cell sheet, or regeneration/reconstruction relevance.",2,corneal endothelial cell; endothelial cells; cell culture; na(+)/k(+)-atpase; barrier; transparency,Manual check,Exclude/background,Insufficient scaffold/carrier/endothelial tissue-engineering benchmarking signal.
PUBMED_0094,30234679,Development of Cell Analysis Software to Evaluate Fibroblastic Changes in Cultivated Corneal Endothelial Cells for Quality Control.,"PURPOSE: To develop software to evaluate the fibroblastic morphological changes in cultured human corneal endothelial cells (HCECs) as a quality control measure for use in tissue engineering therapy. METHODS: Software was designed to recognize cell borders, to approximate cell shape as an ellipse, and to calculate the aspect ratio of the ellipse as an indicator of severity of the fibroblastic morphological change. Using the designed software, 60 phase contrast images of polygonal HCECs and 60 phase contrast images of fibroblastic HCECs were analyzed. The correlations of the aspect ratio and other parameters (cell density, percentage of cells surrounded by 6 cells, and coefficient of variation) were evaluated. RESULTS: Cell shapes were recognized based on phase contrast images and were approximated as ellipses by software. The average aspect ratio was significantly higher (34.9% ± 6.1%) in fibroblastic HCECs than in polygonal HCECs (24.4% ± 2.3%) (P < 0.01). The aspect ratio showed a correlation with cell density, with the percentage of cells surrounded by 6 neighboring cells, and with the coefficient of variation (Pearson correlation coefficients, -0.84, -0.38, and 0.66, respectively). CONCLUSIONS: We propose that fibroblastic alteration of HCECs can be evaluated by the cell morphology based on the aspect ratio. Software developed in this study, which can analyze the frequency and severity of fibroblastic alteration, will be useful for nondestructive assessment of cells destined for use in cell-based therapy for corneal endothelial decompensation.",2018,Cornea,10.1097/ICO.0000000000001757,C4_endothelium,1,Include,,endothelium,Medium,"Corrected include: title/abstract indicates corneal tissue engineering, biomaterial/scaffold, engineered construct, decellularized matrix, cell sheet, or regeneration/reconstruction relevance.",2,corneal endothelial cell; hcec; endothelial cells; cell density,Manual check,Exclude/background,Insufficient scaffold/carrier/endothelial tissue-engineering benchmarking signal.
PUBMED_0103,30319302,Changes in the morphology of corneal endothelial cells in young myopic adults after 6 months of wearing soft contact lenses: a Malaysian perspective.,"PURPOSE: Soft contact lens wear is most frequently associated with morphologic changes in corneal endothelial cells, but the data are scarce in Asians. This study aimed to evaluate changes in corneal endothelial cell morphology after 6 months of wearing soft hydrogel contact lenses (SH) in young myopic adults living in Kuala Lumpur. PATIENTS AND METHODS: Forty-eight subjects were included in the study, 24 were fitted with SH contact lenses (A) and the rest were prescribed with glasses (B). Refraction was conducted subjectively and standard contact lens fitting protocol was followed. Corneal endothelial cell morphology (endothelial cell density, ECD; coefficient of variation, COV; cells' hexagonality, HEX; and central corneal thickness, CCT) was evaluated using specular microscope. Data were collected at baseline and after 6 months of lens wear. RESULTS: Mean age of all subjects was 21.23±1.30 years. All results are shown at baseline and 6 months, respectively. Mean refraction for A was -2.16±0.97 diopter sphere (DS) and -2.05±1.03 DS (P=0.49); for B was -2.72±1.51 DS and -2.73±1.51 DS (P=0.58). Mean ECD (cell/mm(2)) for A: 3104.19±237.30 and 3107.23±237.51 (P=0.07); for B: 3011.56±227.95 and 2983.83±244.55 (P=0.33). COV (%) for A: 46.52±8.63 and 48.53±10.65 (P=0.06); for B: 46.93±9.31 and 46.14±10.65 (P=0.88). HEX (%) for A: 46.21±10.12 and 45.15±10.01 (P=0.08); for B: 46.21±10.12 and 45.15±10.01 (P=0.12). CCT (µm) for A: 520.33±0.04 and 525.70±0.05 (P=0.41); for B: 532.00±0.04 µm and 530.00±0.05 µm (P=0.40). CONCLUSION: This study found no significant change in corneal endothelial cell morphology after 6 months of wearing SH contact lenses. This is probably due to better oxygen permeability of the contact lens material, good compliance, and short wearing period.",2018,Clinical optometry,10.2147/OPTO.S172272,C4_endothelium,1,Include,,endothelium,Medium,"Corrected include: title/abstract indicates corneal tissue engineering, biomaterial/scaffold, engineered construct, decellularized matrix, cell sheet, stem-cell construct, or regeneration/reconstruction relevance.",2,corneal endothelial cell; endothelial cells; hexagonal; cell density; corneal thickness,Manual check,Exclude/background,Soft contact lens morphology study; not tissue engineering biomaterial evidence.
PUBMED_0165,31174988,Native means of graft stabilization: Host descemetic scaffolding and wound scaffolding to decrease the risk for graft detachment in DMEK and PDEK.,"The main postoperative complication of Descemet membrane endothelial keratoplasty and pre-Descemet endothelial keratoplasty (PDEK) is graft detachment. We report a technique in which the host Descemet membrane or the incision is used for graft scaffolding. The descemetorhexis is created 0.5 mm smaller than the graft from between 1 quadrant to 360 degrees, preferably in two opposite quadrants. Using the Jacob technique of pressurized air infusion (air pump-assisted PDEK), the host Descemet membrane is gently teased from under the graft with a reverse Sinskey hook and allowed to overlap the graft from the posterior aspect in a scaffolding manner. Wound scaffolding within the incision is attained by pulling any overlapping part of the graft into the inner part of the corneal incision instead of allowing it to lie posterior to the inferior lip. Both these scaffolding maneuvers give an extra degree of scaffolding or support that provides graft stability and thereby decreases the risk for graft detachment.",2019,Journal of cataract and refractive surgery,10.1016/j.jcrs.2019.03.015,C4_endothelium,1,Include,,endothelium,Medium,"Corrected include: title/abstract indicates corneal tissue engineering, biomaterial/scaffold, engineered construct, decellularized matrix, cell sheet, stem-cell construct, or regeneration/reconstruction relevance.",2,scaffold; membrane; descemet; pump,Manual check,Add to endothelial core,Clear endothelial tissue-engineering biomaterial/carrier/scaffold signal with functional or translational relevance.
PUBMED_0245,32015414,Optimisation of Storage and Transportation Conditions of Cultured Corneal Endothelial Cells for Cell Replacement Therapy.,"As the cornea is one of the most transplanted tissues in the body it has placed a burden on the provision of corneas from cadaveric donors. Corneal endothelial dysfunction is the leading indication for cornea transplant. Therefore, tissue engineering is emerging as an alternative approach to overcome the global shortage of transplant-grade corneas. The propagation and expansion of corneal endothelial cells has been widely reported. However, one obstacle to overcome is the transport and storage of corneal endothelial cells. In this study we investigated whether tissue engineered corneal endothelial cells can be preserved in hypothermic conditions. Human corneal endothelial cells (HCEnCs) were exposed to various temperatures (4 °C, 23 °C, and 37 °C) in both adherent and suspension storage models. Optimal storage media and storage duration was tested along with post-storage viability. Following storage and subsequent recovery at 37 °C, cell phenotype was assessed by immunofluorescence, gene and protein expression, and proliferative capacity analysis. Functionality was also assessed within a rabbit model of bullous keratopathy. Our data support our hypothesis that functional HCEnCs can be preserved in hypothermic conditions.",2020,Scientific reports,10.1038/s41598-020-58700-5,C4_endothelium,1,Include,,endothelium,Medium,"Corrected include: title/abstract indicates corneal tissue engineering, biomaterial/scaffold, engineered construct, decellularized matrix, cell sheet, stem-cell construct, or regeneration/reconstruction relevance.",2,corneal endothelial cell; endothelial cells; rabbit,Manual check,Exclude/background,Insufficient scaffold/carrier/endothelial tissue-engineering benchmarking signal.
PUBMED_0303,32603022,Designer Descemet Membranes Containing PDLLA and Functionalized Gelatins as Corneal Endothelial Scaffold.,"Corneal blindness is the fourth leading cause of visual impairment. Of specific interest is blindness due to a dysfunctional corneal endothelium which can only be treated by transplanting healthy tissue from a deceased donor. Unfortunately, corneal supply does not meet the demand with only one donor for every 70 patients. Therefore, there is a huge interest in tissue engineering of grafts consisting of an ultra-thin scaffold seeded with cultured endothelial cells. The present research describes the fabrication of such artificial Descemet membranes based on the combination of a biodegradable amorphous polyester (poly (d,l-lactic acid)) and crosslinkable gelatins. Four different crosslinkable gelatin derivatives are compared in terms of processing, membrane quality, and function, as well as biological performance in the presence of corneal endothelial cells. The membranes are fabricated through multi-step spincoating, including a sacrificial layer to allow for straightforward membrane detachment after production. As a consequence, ultrathin (<1 µm), highly transparent (>90%), semi-permeable membranes could be obtained with high biological potential. The membranes supported the characteristic morphology and correct phenotype of corneal endothelial cells while exhibiting similar proliferation rates as the positive control. As a consequence, the proposed membranes prove to be a promising synthetic alternative to donor tissue.",2020,Advanced healthcare materials,10.1002/adhm.202000760,C4_endothelium,1,Include,,endothelium,Medium,"Corrected include: title/abstract indicates corneal tissue engineering, biomaterial/scaffold, engineered construct, decellularized matrix, cell sheet, stem-cell construct, or regeneration/reconstruction relevance.",2,scaffold; membrane; descemet; corneal endothelial cell; endothelial cells,Manual check,Manual check,"Likely relevant, but title/abstract signal is not strong enough for automatic core addition."
PUBMED_0724,37951740,Association of ocular surface and meibomian gland alterations with silicone hydrogel contact lens wear.,"PURPOSE: To evaluate silicone hydrogel contact lens (SH-CL) effects on the meibomian glands, corneal structure, and ocular surface parameters. METHODS: Fifty SH-CL wearers for at least 6 months, and 50 sex and age-matched control subjects were recruited for this cross-sectional study. Visual display terminal (VDT) work and CL wear duration were questioned, ocular surface and tear functions were evaluated using OSDI questionnaire, tear break-up time (TBUT), corneal fluorescein staining, and Schirmer test. Corneal sensitivity was measured with Cochet-Bonnet aesthesiometry. Meibography and in vivo confocal microscopy (IVCM) were performed to evaluate meibomian glands and corneal structure. Intergroup comparisons were made using the Chi-square test, Wilcoxon test, or Kruskal-Wallis test. RESULTS: In the CL group, TBUT was shorter (P = 0.01), corneal fluorescein staining (P = 0.04), OSDI scores (P < 0.001), and meiboscores (P < 0.001) were higher than the control group. The biomicroscopic evaluation revealed meibomian gland dysfunction (MGD) in 34 % of the CL group and 20 % of the control group, which was not statistically significant (P > 0.05). IVCM showed that endothelial cell density was lower (P = 0.01) and polymegethism was higher (P < 0.001) in the CL group. Subbasal nerve density and corneal sensitivity measurements were similar in the two groups (P > 0.05). The longer VDT work duration was associated with increased CFS in the CL group (P = 0.05). CONCLUSION: The results showed that SH-CL wear increased dry eye symptoms and ocular discomfort, especially in longer VDT work duration. Meibography revealed significantly worse results in SH-CL wearers. SH-CL-related ocular discomfort seems to be more associated with MGD rather than neurosensorial alterations.",2024,Contact lens & anterior eye : the journal of the British Contact Lens Association,10.1016/j.clae.2023.102093,C4_endothelium,1,Include,,endothelium,Medium,"Corrected include: title/abstract indicates corneal tissue engineering, biomaterial/scaffold, engineered construct, decellularized matrix, cell sheet, stem-cell construct, or regeneration/reconstruction relevance.",2,cell density; in vivo,Manual check,Exclude/background,Contact lens wear/ocular surface study; not corneal tissue engineering.
PUBMED_0899,40038090,Safety and biocompatibility of a novel biodegradable aflibercept-drug delivery system in rhesus macaques.,"A clinical need exists for more effective intravitreal (IVT) drug delivery systems (DDS). This study tested the hypothesis that a novel biodegradable, injectable microsphere-hydrogel drug delivery system loaded with aflibercept (aflibercept-DDS) would exhibit long-term safety and biocompatibility in a non-human primate (NHP) model. We generated aflibercept-loaded poly (lactic-co-glycolic acid) microparticles with a modified double emulsion technique then embedded them into a biodegradable, thermo-responsive poly (ethylene glycol)-co-(L-lactic-acid) diacrylate/N-isopropylacrylamide hydrogel. Aflibercept-DDS (50 µL, 15 µg) was injected into the right eye of 23 healthy rhesus macaques. A complete ophthalmic examination, intraocular pressure (IOP), corneal pachymetry, specular microscopy, A-scan biometry, streak retinoscopy, spectral-domain optical coherence tomography (SD-OCT), fluorescein angiography (FA), and electroretinography (ERG) were performed monthly. Globes from 7 NHPs were histologically examined. Aflibercept-DDS was visualized in the vitreous up to 9 months post-IVT injection, slightly impeding fundoscopy in 4 of 23 eyes; no other consistent abnormalities were appreciated during ophthalmic examination. The IOP and total retinal thickness remained normal in all animals over all timepoints. Central corneal thickness, endothelial cell density, axial globe length, and refractive error did not significantly differ from baseline. Scotopic mixed rod-cone implicit times and amplitudes along with photopic cone response implicit times and amplitudes did not significantly differ from control values. No retinal or choroidal vascular abnormalities were detected with FA and normal retinal architecture was preserved using SD-OCT. Intravitreal injection of a biodegradable aflibercept-DDS was safe and well tolerated in NHPs up to 24 months.",2025,Drug delivery,10.1080/10717544.2025.2460671,C4_endothelium,1,Include,,endothelium,Medium,"Corrected include: title/abstract indicates corneal tissue engineering, biomaterial/scaffold, engineered construct, decellularized matrix, cell sheet, stem-cell construct, or regeneration/reconstruction relevance.",2,cell density; corneal thickness; primate; clinical,Manual check,Exclude/background,Drug-delivery safety study; not corneal endothelial tissue-engineering scaffold evidence.
PUBMED_0927,40383650,Effect of soft contact lens wear on corneal endothelial cell characteristics.,"PURPOSE: To evaluate the impact of soft contact lens (SCL) wear on corneal endothelial morphology, particularly endothelial cell density (ECD), coefficient of variation (COV), and hexagonality (HEX), comparing SCL wearers with non-wearers in a young adult population in Iraq. METHODS: A cross-sectional study was conducted involving 394 participants, aged 18-30 years, comprising 207 SCL wearers and 187 non-wearers. Corneal endothelial characteristics were assessed using non-contact specular microscopy to measure ECD, COV, and HEX. The spherical equivalent (SE) was measured using an autorefractometer. Statistical analyses were performed using one-way and two-way ANOVA tests to compare between groups. RESULTS: A total of 394 subjects participated in the study, including 207 CL wearers (108 silicone hydrogel and 99 traditional hydrogel) and 187 non-CL wearers (control group), with 149 males and 245 females. The mean age was 23.90 ± 3.07 years, and the mean spherical equivalent (SE) was -3.07 ± 1.36 diopters. The duration of CL wear ranged from 2 to 12 years, with an average of 6.37 ± 3.25 years. Participants were divided into two groups: Group 1 (2-6 years) and Group 2 (7-12 years). Statistical analysis revealed significant changes in endothelial cell density (ECD), coefficient of variation (COV), and hexagonality (HEX) in CL wearers (p < 0.001), with more pronounced alterations in Group 2, particularly among traditional hydrogel lens wearers. CONCLUSION: Prolonged soft contact lens wear is associated with significant changes in corneal endothelial morphology, including decreased ECD, increased COV, and reduced HEX, which worsen with extended use. These findings underscore the importance of monitoring corneal health in long-term SCL users and suggest the need for regular ophthalmic evaluations to mitigate potential risks.",2025,Contact lens & anterior eye : the journal of the British Contact Lens Association,10.1016/j.clae.2025.102441,C4_endothelium,1,Include,,endothelium,Medium,"Corrected include: title/abstract indicates corneal tissue engineering, biomaterial/scaffold, engineered construct, decellularized matrix, cell sheet, stem-cell construct, or regeneration/reconstruction relevance.",2,corneal endothelial cell; hexagonal; cell density,Manual check,Exclude/background,Soft contact lens endothelial-characteristics study; not tissue engineering.
PUBMED_0054,29680447,Cultivation of corneal endothelial cells from sheep.,"Research is currently under way to produce tissue engineered corneal endothelium transplants for therapeutic use in humans. This work requires the use of model animals, both for the supply of corneal endothelial cells (CECs) for experimentation, and to serve as recipients for test transplants. A variety of species can be used, however, a number of important advantages can be gained by using sheep as transplant recipients. The purpose of the present study was therefore to develop a method for culturing sheep CECs that would be suitable for the eventual construction of corneal endothelium grafts destined for sheep subjects. A method was established for culturing sheep CECs and these were compared to cultured human CECs. Results showed that cultured sheep and human CECs had similar growth characteristics when expanded from corneal endothelium explants on gelatin-coated plates, and achieved similar cell densities after several weeks. Furthermore, the markers zonula occludens-1, N-cadherin and sodium potassium ATPase could be immunodetected in similar staining patterns at cell boundaries of cultured CECs from both species. This work represents the first detailed study of sheep CEC cultures, and is the first demonstration of their similarities to human CEC cultures. Our results indicate that sheep CECs would be an appropriate substitute for human CECs when developing methods to produce tissue engineered corneal endothelium transplants.",2018,Experimental eye research,10.1016/j.exer.2018.04.011,C4_endothelium,1,Include,,endothelium,Medium,"Corrected include: title/abstract indicates corneal tissue engineering, biomaterial/scaffold, engineered construct, decellularized matrix, cell sheet, or regeneration/reconstruction relevance.",1,corneal endothelial cell; endothelial cells; expanded,Do not add yet,Exclude/background,Basic cultivation of sheep endothelial cells; weak scaffold/biomaterial benchmarking signal.
