screening_id,pmid,title,year,journal,doi,corneal_layer,strict_retrieval_score,strict_retrieval_reason,strict_final_status,full_text_status,pdf_available,source_checked,pdf_filename,retrieval_date,retrieval_notes,extraction_ready,reason_not_extraction_ready
PUBMED_0032,29413615,Functionalized silk fibroin film scaffold using β-Carotene for cornea endothelial cell regeneration.,2018,"Colloids and surfaces. B, Biointerfaces",10.1016/j.colsurfb.2017.11.052,endothelium,20,clinical/translational evidence; in vivo evidence; ex vivo evidence; clear biomaterial/scaffold/carrier signal; benchmarking metrics likely; reconstruction/regeneration relevance; layer-balancing priority,Added endothelial core from medium-priority screen,not_checked,not_checked,,,,,not_checked,
PUBMED_0075,29998891,Constructing a Novel Three-Dimensional Biomimetic Corneal Endothelium Graft by Culturing Corneal Endothelium Cells on Compressed Collagen Gels.,2018,Chinese medical journal,10.4103/0366-6999.235883,endothelium,18,clinical/translational evidence; in vivo evidence; ex vivo evidence; clear biomaterial/scaffold/carrier signal; benchmarking metrics likely; layer-balancing priority,Added endothelial core from medium-priority screen,not_checked,not_checked,,,,,not_checked,
PUBMED_0157,31129253,Investigating the effect of chitosan/ polycaprolactone blends in differentiation of corneal endothelial cells and extracellular matrix compositions.,2019,Experimental eye research,10.1016/j.exer.2019.05.019,endothelium,18,clinical/translational evidence; in vivo evidence; ex vivo evidence; clear biomaterial/scaffold/carrier signal; benchmarking metrics likely; layer-balancing priority,Added endothelial core from medium-priority screen,not_checked,not_checked,,,,,not_checked,
PUBMED_0304,32622067,Evaluation of reconstructed human corneal endothelium sheets made with porcine Descemet's membrane in vitro and in vivo.,2020,Experimental eye research,10.1016/j.exer.2020.108125,endothelium,18,clinical/translational evidence; in vivo evidence; ex vivo evidence; clear biomaterial/scaffold/carrier signal; benchmarking metrics likely; layer-balancing priority,Added endothelial core from medium-priority screen,not_checked,not_checked,,,,,not_checked,
PUBMED_0379,33448808,"Ultrathin, Strong, and Cell-Adhesive Agarose-Based Membranes Engineered as Substrates for Corneal Endothelial Cells.",2019,ACS biomaterials science & engineering,10.1021/acsbiomaterials.9b00610,endothelium,18,clinical/translational evidence; in vivo evidence; ex vivo evidence; clear biomaterial/scaffold/carrier signal; benchmarking metrics likely; layer-balancing priority,Added endothelial core from medium-priority screen,not_checked,not_checked,,,,,not_checked,
PUBMED_0588,36080636,Customizable Collagen Vitrigel Membranes and Preliminary Results in Corneal Engineering.,2022,Polymers,10.3390/polym14173556,endothelium,18,clinical/translational evidence; in vivo evidence; ex vivo evidence; clear biomaterial/scaffold/carrier signal; benchmarking metrics likely; layer-balancing priority,Added endothelial core from medium-priority screen,not_checked,not_checked,,,,,not_checked,
PUBMED_0761,38486306,Bioprinting of human pluripotent stem cell derived corneal endothelial cells with hydrazone crosslinked hyaluronic acid bioink.,2024,Stem cell research & therapy,10.1186/s13287-024-03672-w,endothelium,18,clinical/translational evidence; in vivo evidence; ex vivo evidence; clear biomaterial/scaffold/carrier signal; benchmarking metrics likely; layer-balancing priority,Final core,not_checked,not_checked,,,,,not_checked,
PUBMED_0021,29281419,Electro-spun Membranes as Scaffolds for Human Corneal Endothelial Cells.,2018,Current eye research,10.1080/02713683.2017.1377258,endothelium,17,clinical/translational evidence; in vivo evidence; clear biomaterial/scaffold/carrier signal; benchmarking metrics likely; reconstruction/regeneration relevance; layer-balancing priority,Added endothelial core from medium-priority screen,not_checked,not_checked,,,,,not_checked,
PUBMED_0382,33463278,Fish-Scale Collagen Membrane Seeded with Corneal Endothelial Cells as Alternative Graft for Endothelial Keratoplasty Transplantation.,2020,ACS biomaterials science & engineering,10.1021/acsbiomaterials.9b00562,endothelium,17,clinical/translational evidence; in vivo evidence; clear biomaterial/scaffold/carrier signal; benchmarking metrics likely; reconstruction/regeneration relevance; layer-balancing priority,Added endothelial core from medium-priority screen,not_checked,not_checked,,,,,not_checked,
PUBMED_0421,33939123,Potential of a novel scaffold composed of human platelet lysate and fibrin for human corneal endothelial cells.,2022,Cell and tissue banking,10.1007/s10561-021-09931-x,endothelium,17,clinical/translational evidence; in vivo evidence; clear biomaterial/scaffold/carrier signal; benchmarking metrics likely; reconstruction/regeneration relevance; layer-balancing priority,Added endothelial core from medium-priority screen,not_checked,not_checked,,,,,not_checked,
PUBMED_0537,35358736,Construction of tissue-engineered human corneal endothelium for corneal endothelial regeneration using a crosslinked amniotic membrane scaffold.,2022,Acta biomaterialia,10.1016/j.actbio.2022.03.039,endothelium,17,clinical/translational evidence; in vivo evidence; clear biomaterial/scaffold/carrier signal; benchmarking metrics likely; reconstruction/regeneration relevance; layer-balancing priority,Added endothelial core from medium-priority screen,not_checked,not_checked,,,,,not_checked,
PUBMED_0841,39551331,Repair effects of thermosensitive hydrogels combined with iPSC-derived corneal endothelial cells on rabbit corneal endothelial dysfunction.,2025,Acta biomaterialia,10.1016/j.actbio.2024.11.021,endothelium,17,clinical/translational evidence; in vivo evidence; clear biomaterial/scaffold/carrier signal; benchmarking metrics likely; reconstruction/regeneration relevance; layer-balancing priority,Final core,not_checked,not_checked,,,,,not_checked,
PUBMED_0925,40366209,Addition of Microscale Topographies to Silk Fibroin Film Modulates Corneal Endothelial Cell Behavior.,2025,ACS biomaterials science & engineering,10.1021/acsbiomaterials.5c00200,endothelium,17,clinical/translational evidence; in vivo evidence; clear biomaterial/scaffold/carrier signal; benchmarking metrics likely; reconstruction/regeneration relevance; layer-balancing priority,Added endothelial core from medium-priority screen,not_checked,not_checked,,,,,not_checked,
PUBMED_0940,40536661,Corneal Endothelium Regeneration with Decellularized Porcine Corneal Extracellular Matrix Scaffolds.,2025,Tissue engineering and regenerative medicine,10.1007/s13770-025-00734-9,endothelium,17,clinical/translational evidence; in vivo evidence; clear biomaterial/scaffold/carrier signal; benchmarking metrics likely; reconstruction/regeneration relevance; layer-balancing priority,Added endothelial core from medium-priority screen,not_checked,not_checked,,,,,not_checked,
PUBMED_0950,40665979,Research on the construction of corneal endothelium transplantation with acellular amniotic membrane as a scaffold.,2025,Frontiers in medicine,10.3389/fmed.2025.1592123,endothelium,17,clinical/translational evidence; in vivo evidence; clear biomaterial/scaffold/carrier signal; benchmarking metrics likely; reconstruction/regeneration relevance; layer-balancing priority,Final core,not_checked,not_checked,,,,,not_checked,
PUBMED_0081,30066447,Ex Vivo Functionality of 3D Bioprinted Corneal Endothelium Engineered with Ribonuclease 5-Overexpressing Human Corneal Endothelial Cells.,2018,Advanced healthcare materials,10.1002/adhm.201800398,endothelium,16,clinical/translational evidence; in vivo evidence; ex vivo evidence; clear biomaterial/scaffold/carrier signal; layer-balancing priority,Added endothelial core from medium-priority screen,not_checked,not_checked,,,,,not_checked,
PUBMED_0171,31258659,Ex vivo construction of rabbit corneal endothelial cell sheets on a porcine descemet membrane graft.,2019,Experimental and therapeutic medicine,10.3892/etm.2019.7573,endothelium,16,clinical/translational evidence; in vivo evidence; ex vivo evidence; clear biomaterial/scaffold/carrier signal; layer-balancing priority,Added endothelial core from medium-priority screen,not_checked,not_checked,,,,,not_checked,
PUBMED_0322,32805263,Tissue engineered ultra-thin descemet stripping corneal endothelial layers using porcine cornea and stem cells.,2020,Experimental eye research,10.1016/j.exer.2020.108192,endothelium,15,clinical/translational evidence; in vivo evidence; clear biomaterial/scaffold/carrier signal; benchmarking metrics likely; layer-balancing priority,Added endothelial core from medium-priority screen,not_checked,not_checked,,,,,not_checked,
PUBMED_0378,33448665,Bioinspired hydrogel surfaces to augment corneal endothelial cell monolayer formation.,2021,Journal of tissue engineering and regenerative medicine,10.1002/term.3173,endothelium,15,clinical/translational evidence; in vivo evidence; clear biomaterial/scaffold/carrier signal; benchmarking metrics likely; layer-balancing priority,Added endothelial core from medium-priority screen,not_checked,not_checked,,,,,not_checked,
PUBMED_0469,34552187,Optimization of polycaprolactone - based nanofiber matrices for the cultivation of corneal endothelial cells.,2021,Scientific reports,10.1038/s41598-021-98426-6,endothelium,15,clinical/translational evidence; in vivo evidence; clear biomaterial/scaffold/carrier signal; benchmarking metrics likely; layer-balancing priority,Added endothelial core from medium-priority screen,not_checked,not_checked,,,,,not_checked,
PUBMED_0320,32781567,Poly(ε-caprolactone) Titanium Dioxide and Cefuroxime Antimicrobial Scaffolds for Cultivation of Human Limbal Stem Cells.,2020,Polymers,10.3390/polym12081758,epithelium_limbus,20,clinical/translational evidence; in vivo evidence; ex vivo evidence; clear biomaterial/scaffold/carrier signal; benchmarking metrics likely; reconstruction/regeneration relevance; layer-balancing priority,Added epithelium/limbus core from medium-priority screen,not_checked,not_checked,,,,,not_checked,
PUBMED_0392,33586332,Limbal Stem Cells on Bacterial Nanocellulose Carriers for Ocular Surface Regeneration.,2021,"Small (Weinheim an der Bergstrasse, Germany)",10.1002/smll.202003937,epithelium_limbus,20,clinical/translational evidence; in vivo evidence; ex vivo evidence; clear biomaterial/scaffold/carrier signal; benchmarking metrics likely; reconstruction/regeneration relevance; layer-balancing priority,Final core,not_checked,not_checked,,,,,not_checked,
PUBMED_0202,31545477,Culture and characterization of human dental pulp‑derived stem cells as limbal stem cells for corneal damage repair.,2019,Molecular medicine reports,10.3892/mmr.2019.10691,epithelium_limbus,18,clinical/translational evidence; in vivo evidence; ex vivo evidence; clear biomaterial/scaffold/carrier signal; reconstruction/regeneration relevance; layer-balancing priority,Added epithelium/limbus core from medium-priority screen,not_checked,not_checked,,,,,not_checked,
PUBMED_0832,39425087,Comparative evaluation of autologous tissue-engineered ocular and oral mucosal tissue grafts- a prospective randomized controlled trial.,2024,BMC biotechnology,10.1186/s12896-024-00876-z,epithelium_limbus,18,clinical/translational evidence; in vivo evidence; ex vivo evidence; clear biomaterial/scaffold/carrier signal; reconstruction/regeneration relevance; layer-balancing priority,Added epithelium/limbus core from medium-priority screen,not_checked,not_checked,,,,,not_checked,
PUBMED_1016,41379646,Descemet Membrane Versus Amniotic Membrane for Limbal Stem Cell Therapy.,2026,Cornea,10.1097/ICO.0000000000004073,epithelium_limbus,18,clinical/translational evidence; in vivo evidence; ex vivo evidence; clear biomaterial/scaffold/carrier signal; benchmarking metrics likely; layer-balancing priority,Final core,not_checked,not_checked,,,,,not_checked,
PUBMED_0010,29040119,Prospective Clinical Trial of Corneal Reconstruction With Biomaterial-Free Cultured Oral Mucosal Epithelial Cell Sheets.,2018,Cornea,10.1097/ICO.0000000000001409,epithelium_limbus,17,clinical/translational evidence; in vivo evidence; clear biomaterial/scaffold/carrier signal; benchmarking metrics likely; reconstruction/regeneration relevance; layer-balancing priority,Added epithelium/limbus core from medium-priority screen,not_checked,not_checked,,,,,not_checked,
PUBMED_0056,29691018,Carboxymethyl chitosan/gelatin/hyaluronic acid blended-membranes as epithelia transplanting scaffold for corneal wound healing.,2018,Carbohydrate polymers,10.1016/j.carbpol.2018.03.033,epithelium_limbus,17,clinical/translational evidence; in vivo evidence; clear biomaterial/scaffold/carrier signal; benchmarking metrics likely; reconstruction/regeneration relevance; layer-balancing priority,Added epithelium/limbus core from medium-priority screen,not_checked,not_checked,,,,,not_checked,
PUBMED_0099,30279555,Comparative study of substrate free and amniotic membrane scaffolds for cultivation of limbal epithelial sheet.,2018,Scientific reports,10.1038/s41598-018-32914-0,epithelium_limbus,17,clinical/translational evidence; in vivo evidence; clear biomaterial/scaffold/carrier signal; benchmarking metrics likely; reconstruction/regeneration relevance; layer-balancing priority,Added epithelium/limbus core from medium-priority screen,not_checked,not_checked,,,,,not_checked,
PUBMED_0104,30323996,Universal Corneal Epithelial-Like Cells Derived from Human Embryonic Stem Cells for Cellularization of a Corneal Scaffold.,2018,Translational vision science & technology,10.1167/tvst.7.5.23,epithelium_limbus,17,clinical/translational evidence; in vivo evidence; clear biomaterial/scaffold/carrier signal; benchmarking metrics likely; reconstruction/regeneration relevance; layer-balancing priority,Final core,not_checked,not_checked,,,,,not_checked,
PUBMED_0120,30548137,An in situ hydrogel based on carboxymethyl chitosan and sodium alginate dialdehyde for corneal wound healing after alkali burn.,2019,Journal of biomedical materials research. Part A,10.1002/jbm.a.36589,epithelium_limbus,17,clinical/translational evidence; in vivo evidence; clear biomaterial/scaffold/carrier signal; benchmarking metrics likely; reconstruction/regeneration relevance; layer-balancing priority,Added epithelium/limbus core from medium-priority screen,not_checked,not_checked,,,,,not_checked,
PUBMED_0241,31988856,Propagation of limbal stem cells on polycaprolactone and polycaprolactone/gelatin fibrous scaffolds and transplantation in animal model.,2020,BioImpacts : BI,10.15171/bi.2020.06,epithelium_limbus,17,clinical/translational evidence; in vivo evidence; clear biomaterial/scaffold/carrier signal; benchmarking metrics likely; reconstruction/regeneration relevance; layer-balancing priority,Added epithelium/limbus core from medium-priority screen,not_checked,not_checked,,,,,not_checked,
PUBMED_0359,33210832,Transplantation of human corneal limbal epithelial cell sheet harvested on synthesized carboxymethyl cellulose and dopamine in a limbal stem cell deficiency.,2021,Journal of tissue engineering and regenerative medicine,10.1002/term.3159,epithelium_limbus,17,clinical/translational evidence; in vivo evidence; clear biomaterial/scaffold/carrier signal; benchmarking metrics likely; reconstruction/regeneration relevance; layer-balancing priority,Added epithelium/limbus core from medium-priority screen,not_checked,not_checked,,,,,not_checked,
PUBMED_0447,34302219,cG-CAOMECS-clinical-grade cultured autologous oral mucosal epithelial cell sheet.,2021,Cell and tissue research,10.1007/s00441-021-03507-7,epithelium_limbus,17,clinical/translational evidence; in vivo evidence; clear biomaterial/scaffold/carrier signal; benchmarking metrics likely; reconstruction/regeneration relevance; layer-balancing priority,Added epithelium/limbus core from medium-priority screen,not_checked,not_checked,,,,,not_checked,
PUBMED_0450,34330126,Bioprinting of dual ECM scaffolds encapsulating limbal stem/progenitor cells in active and quiescent statuses.,2021,Biofabrication,10.1088/1758-5090/ac1992,epithelium_limbus,17,clinical/translational evidence; in vivo evidence; clear biomaterial/scaffold/carrier signal; benchmarking metrics likely; reconstruction/regeneration relevance; layer-balancing priority,Final core,not_checked,not_checked,,,,,not_checked,
PUBMED_0485,34684011,Generation of a Biomimetic Substitute of the Corneal Limbus Using Decellularized Scaffolds.,2021,Pharmaceutics,10.3390/pharmaceutics13101718,epithelium_limbus,17,clinical/translational evidence; in vivo evidence; clear biomaterial/scaffold/carrier signal; benchmarking metrics likely; reconstruction/regeneration relevance; layer-balancing priority,Added epithelium/limbus core from medium-priority screen,not_checked,not_checked,,,,,not_checked,
PUBMED_0632,36772078,Detection of Limbal Stem Cells Adhered to Melt Electrospun Silk Fibroin and Gelatin-Modified Polylactic Acid Scaffolds.,2023,Polymers,10.3390/polym15030777,epithelium_limbus,17,clinical/translational evidence; in vivo evidence; clear biomaterial/scaffold/carrier signal; benchmarking metrics likely; reconstruction/regeneration relevance; layer-balancing priority,Added epithelium/limbus core from medium-priority screen,not_checked,not_checked,,,,,not_checked,
PUBMED_0672,37273996,3D bioprinting as a prospective therapeutic strategy for corneal limbal epithelial stem cell deficiency.,2023,International journal of bioprinting,10.18063/ijb.710,epithelium_limbus,17,clinical/translational evidence; in vivo evidence; clear biomaterial/scaffold/carrier signal; benchmarking metrics likely; reconstruction/regeneration relevance; layer-balancing priority,Final core,not_checked,not_checked,,,,,not_checked,
PUBMED_0702,37594449,Application of Noggin-Coated Electrospun Scaffold in Corneal Wound Healing.,2023,Translational vision science & technology,10.1167/tvst.12.8.15,epithelium_limbus,17,clinical/translational evidence; in vivo evidence; clear biomaterial/scaffold/carrier signal; benchmarking metrics likely; reconstruction/regeneration relevance; layer-balancing priority,Keep core - cautious,not_checked,not_checked,,,,,not_checked,
PUBMED_0799,39050175,The effect of cultured autologous oral mucosal epithelial cells on ocular surface reconstruction.,2024,Archives of medical science : AMS,10.5114/aoms/115576,epithelium_limbus,17,clinical/translational evidence; in vivo evidence; clear biomaterial/scaffold/carrier signal; benchmarking metrics likely; reconstruction/regeneration relevance; layer-balancing priority,Added epithelium/limbus core from medium-priority screen,not_checked,not_checked,,,,,not_checked,
PUBMED_0826,39375390,Bio-printing method as a novel approach to obtain a fibrin scaffold settled by limbal epithelial cells for corneal regeneration.,2024,Scientific reports,10.1038/s41598-024-73383-y,epithelium_limbus,17,clinical/translational evidence; in vivo evidence; clear biomaterial/scaffold/carrier signal; benchmarking metrics likely; reconstruction/regeneration relevance; layer-balancing priority,Final core,not_checked,not_checked,,,,,not_checked,
PUBMED_0049,29637812,Preserving Basement Membranes during Detachment of Cultivated Oral Mucosal Epithelial Cell Sheets for the Treatment of Total Bilateral Limbal Stem Cell Deficiency.,2018,Cell transplantation,10.1177/0963689717741140,multiple_layers,19,clinical/translational evidence; in vivo evidence; ex vivo evidence; clear biomaterial/scaffold/carrier signal; benchmarking metrics likely; reconstruction/regeneration relevance,Final core,not_checked,not_checked,,,,,not_checked,
PUBMED_0344,33028837,In situ-forming collagen hydrogel crosslinked via multi-functional PEG as a matrix therapy for corneal defects.,2020,Scientific reports,10.1038/s41598-020-72978-5,multiple_layers,19,clinical/translational evidence; in vivo evidence; ex vivo evidence; clear biomaterial/scaffold/carrier signal; benchmarking metrics likely; reconstruction/regeneration relevance,Final core,not_checked,not_checked,,,,,not_checked,
PUBMED_0387,33542377,A decellularized human corneal scaffold for anterior corneal surface reconstruction.,2021,Scientific reports,10.1038/s41598-021-82678-3,multiple_layers,19,clinical/translational evidence; in vivo evidence; ex vivo evidence; clear biomaterial/scaffold/carrier signal; benchmarking metrics likely; reconstruction/regeneration relevance,Final core,not_checked,not_checked,,,,,not_checked,
PUBMED_0144,30918800,Construction of a full-thickness human corneal substitute from anterior acellular porcine corneal matrix and human corneal cells.,2019,International journal of ophthalmology,10.18240/ijo.2019.03.01,multiple_layers,17,clinical/translational evidence; in vivo evidence; ex vivo evidence; clear biomaterial/scaffold/carrier signal; benchmarking metrics likely,Final core,not_checked,not_checked,,,,,not_checked,
PUBMED_0273,32368948,Engineering a Corneal Stromal Equivalent Using a Novel Multilayered Fabrication Assembly Technique.,2020,Tissue engineering. Part A,10.1089/ten.TEA.2020.0019,multiple_layers,17,clinical/translational evidence; in vivo evidence; ex vivo evidence; clear biomaterial/scaffold/carrier signal; benchmarking metrics likely,Final core,not_checked,not_checked,,,,,not_checked,
PUBMED_0073,29978836,Decellularized corneal lenticule embedded compressed collagen: toward a suturable collagenous construct for limbal reconstruction.,2018,Biofabrication,10.1088/1758-5090/aad1a4,multiple_layers,16,clinical/translational evidence; in vivo evidence; clear biomaterial/scaffold/carrier signal; benchmarking metrics likely; reconstruction/regeneration relevance,Final core,not_checked,not_checked,,,,,not_checked,
PUBMED_0253,32097748,Multifunctional synthetic Bowman's membrane-stromal biomimetic for corneal reconstruction.,2020,Biomaterials,10.1016/j.biomaterials.2020.119880,multiple_layers,16,clinical/translational evidence; in vivo evidence; clear biomaterial/scaffold/carrier signal; benchmarking metrics likely; reconstruction/regeneration relevance,Final core,not_checked,not_checked,,,,,not_checked,
PUBMED_0317,32743953,Sustained Release of TPCA-1 from Silk Fibroin Hydrogels Preserves Keratocyte Phenotype and Promotes Corneal Regeneration by Inhibiting Interleukin-1β Signaling.,2020,Advanced healthcare materials,10.1002/adhm.202000591,multiple_layers,16,clinical/translational evidence; in vivo evidence; clear biomaterial/scaffold/carrier signal; benchmarking metrics likely; reconstruction/regeneration relevance,Final core,not_checked,not_checked,,,,,not_checked,
PUBMED_0395,33603277,Simultaneous Interpenetrating Polymer Network of Collagen and Hyaluronic Acid as an In Situ-Forming Corneal Defect Filler.,2020,Chemistry of materials : a publication of the American Chemical Society,10.1021/acs.chemmater.0c01307,multiple_layers,16,clinical/translational evidence; in vivo evidence; clear biomaterial/scaffold/carrier signal; benchmarking metrics likely; reconstruction/regeneration relevance,Final core,not_checked,not_checked,,,,,not_checked,
PUBMED_0453,34400306,Hydrogels derived from acellular porcine corneal stroma enhance corneal wound healing.,2021,Acta biomaterialia,10.1016/j.actbio.2021.08.011,multiple_layers,16,clinical/translational evidence; in vivo evidence; clear biomaterial/scaffold/carrier signal; benchmarking metrics likely; reconstruction/regeneration relevance,Final core,not_checked,not_checked,,,,,not_checked,
PUBMED_0540,35386466,3D printed biomimetic epithelium/stroma bilayer hydrogel implant for corneal regeneration.,2022,Bioactive materials,10.1016/j.bioactmat.2022.01.034,multiple_layers,16,clinical/translational evidence; in vivo evidence; clear biomaterial/scaffold/carrier signal; benchmarking metrics likely; reconstruction/regeneration relevance,Final core,not_checked,not_checked,,,,,not_checked,
PUBMED_0560,35769102,Electron-Beam Irradiated Recombinant Human Collagen-Phosphorylcholine Corneal Implants Retain Pro-Regeneration Capacity.,2022,Frontiers in bioengineering and biotechnology,10.3389/fbioe.2022.883977,multiple_layers,16,clinical/translational evidence; in vivo evidence; clear biomaterial/scaffold/carrier signal; benchmarking metrics likely; reconstruction/regeneration relevance,Keep core - cautious,not_checked,not_checked,,,,,not_checked,
PUBMED_0582,36040708,Natural Dual-Crosslinking Bioadhesive Hydrogel for Corneal Regeneration in Large-Size Defects.,2022,Advanced healthcare materials,10.1002/adhm.202201576,multiple_layers,16,clinical/translational evidence; in vivo evidence; clear biomaterial/scaffold/carrier signal; benchmarking metrics likely; reconstruction/regeneration relevance,Keep core - cautious,not_checked,not_checked,,,,,not_checked,
PUBMED_0585,36063670,Reconstructing auto tissue engineering lamellar cornea with aspartic acid modified acellular porcine corneal stroma and preconditioned limbal stem cell for corneal regeneration.,2022,Biomaterials,10.1016/j.biomaterials.2022.121745,multiple_layers,16,clinical/translational evidence; in vivo evidence; clear biomaterial/scaffold/carrier signal; benchmarking metrics likely; reconstruction/regeneration relevance,Final core,not_checked,not_checked,,,,,not_checked,
PUBMED_0596,36239965,In Situ-Forming Collagen-Hyaluronate Semi-Interpenetrating Network Hydrogel Enhances Corneal Defect Repair.,2022,Translational vision science & technology,10.1167/tvst.11.10.22,multiple_layers,16,clinical/translational evidence; in vivo evidence; clear biomaterial/scaffold/carrier signal; benchmarking metrics likely; reconstruction/regeneration relevance,Final core,not_checked,not_checked,,,,,not_checked,
PUBMED_0606,36497012,Transcriptomic Landscape and Functional Characterization of Human Induced Pluripotent Stem Cell-Derived Limbal Epithelial Progenitor Cells.,2022,Cells,10.3390/cells11233752,multiple_layers,16,clinical/translational evidence; in vivo evidence; clear biomaterial/scaffold/carrier signal; benchmarking metrics likely; reconstruction/regeneration relevance,Final core,not_checked,not_checked,,,,,not_checked,
PUBMED_0620,36638943,An electrospun scaffold functionalized with a ROS-scavenging hydrogel stimulates ocular wound healing.,2023,Acta biomaterialia,10.1016/j.actbio.2023.01.016,multiple_layers,16,clinical/translational evidence; in vivo evidence; clear biomaterial/scaffold/carrier signal; benchmarking metrics likely; reconstruction/regeneration relevance,Keep core - cautious,not_checked,not_checked,,,,,not_checked,
PUBMED_0637,36844364,"A ""T.E.S.T."" hydrogel bioadhesive assisted by corneal cross-linking for in situ sutureless corneal repair.",2023,Bioactive materials,10.1016/j.bioactmat.2023.02.006,multiple_layers,16,clinical/translational evidence; in vivo evidence; clear biomaterial/scaffold/carrier signal; benchmarking metrics likely; reconstruction/regeneration relevance,Keep core,not_checked,not_checked,,,,,not_checked,
PUBMED_0646,36989713,Successful restoration of corneal surface integrity with a tissue-engineered allogeneic implant in severe keratitis patients.,2023,Biomedicine & pharmacotherapy = Biomedecine & pharmacotherapie,10.1016/j.biopha.2023.114612,multiple_layers,16,clinical/translational evidence; in vivo evidence; clear biomaterial/scaffold/carrier signal; benchmarking metrics likely; reconstruction/regeneration relevance,Final core,not_checked,not_checked,,,,,not_checked,
PUBMED_0648,37019117,Digital light processing-bioprinted poly-NAGA-GelMA-based hydrogel lenticule for precise refractive errors correction.,2023,Biofabrication,10.1088/1758-5090/accaab,multiple_layers,16,clinical/translational evidence; in vivo evidence; clear biomaterial/scaffold/carrier signal; benchmarking metrics likely; reconstruction/regeneration relevance,Keep core,not_checked,not_checked,,,,,not_checked,
PUBMED_0151,30989737,Construction of a high cell density human corneal endothelial equivalent and its transplantation in primate models.,2019,Xenotransplantation,10.1111/xen.12514,stroma,19,clinical/translational evidence; in vivo evidence; ex vivo evidence; clear biomaterial/scaffold/carrier signal; benchmarking metrics likely; reconstruction/regeneration relevance,Keep core,not_checked,not_checked,,,,,not_checked,
PUBMED_0626,36729619,Intracorneal Implantation of 3D Bioprinted Scaffolds Containing Mesenchymal Stromal Cells Using Femtosecond-Laser-Assisted Intrastromal Keratoplasty.,2023,Macromolecular bioscience,10.1002/mabi.202200422,stroma,19,clinical/translational evidence; in vivo evidence; ex vivo evidence; clear biomaterial/scaffold/carrier signal; benchmarking metrics likely; reconstruction/regeneration relevance,Final core,not_checked,not_checked,,,,,not_checked,
PUBMED_0016,29176452,Collagen-Based Fillers as Alternatives to Cyanoacrylate Glue for the Sealing of Large Corneal Perforations.,2018,Cornea,10.1097/ICO.0000000000001459,stroma,17,clinical/translational evidence; in vivo evidence; ex vivo evidence; clear biomaterial/scaffold/carrier signal; reconstruction/regeneration relevance,Final core,not_checked,not_checked,,,,,not_checked,
PUBMED_0224,31751429,Treatment of corneal endothelial damage in a rabbit model with a bioengineered graft using human decellularized corneal lamina and cultured human corneal endothelium.,2019,PloS one,10.1371/journal.pone.0225480,stroma,17,clinical/translational evidence; in vivo evidence; ex vivo evidence; clear biomaterial/scaffold/carrier signal; benchmarking metrics likely,Final core,not_checked,not_checked,,,,,not_checked,
PUBMED_0616,36579828,Hyaluronic acid based next generation bioink for 3D bioprinting of human stem cell derived corneal stromal model with innervation.,2022,Biofabrication,10.1088/1758-5090/acab34,stroma,17,clinical/translational evidence; in vivo evidence; ex vivo evidence; clear biomaterial/scaffold/carrier signal; benchmarking metrics likely,Final core,not_checked,not_checked,,,,,not_checked,
PUBMED_0069,29883810,Cell-laden and orthogonal-multilayer tissue-engineered corneal stroma induced by a mechanical collagen microenvironment and transplantation in a rabbit model.,2018,Acta biomaterialia,10.1016/j.actbio.2018.06.005,stroma,16,clinical/translational evidence; in vivo evidence; clear biomaterial/scaffold/carrier signal; benchmarking metrics likely; reconstruction/regeneration relevance,Keep core - cautious,not_checked,not_checked,,,,,not_checked,
PUBMED_0482,34665455,Preparation and In Vitro Characterization of Gelatin Methacrylate for Corneal Tissue Engineering.,2022,Tissue engineering and regenerative medicine,10.1007/s13770-021-00393-6,stroma,16,clinical/translational evidence; in vivo evidence; clear biomaterial/scaffold/carrier signal; benchmarking metrics likely; reconstruction/regeneration relevance,Final core,not_checked,not_checked,,,,,not_checked,
PUBMED_0601,36356877,Silk fibroin based interpenetrating network hydrogel for corneal stromal regeneration.,2022,International journal of biological macromolecules,10.1016/j.ijbiomac.2022.11.021,stroma,16,clinical/translational evidence; in vivo evidence; clear biomaterial/scaffold/carrier signal; benchmarking metrics likely; reconstruction/regeneration relevance,Final core,not_checked,not_checked,,,,,not_checked,
PUBMED_0709,37731910,"Optimization and evaluation of oxygen-plasma-modified, aligned, poly (Є-caprolactone) and silk fibroin nanofibrous scaffold for corneal stromal regeneration.",2023,Biomaterials and biosystems,10.1016/j.bbiosy.2023.100083,stroma,16,clinical/translational evidence; in vivo evidence; clear biomaterial/scaffold/carrier signal; benchmarking metrics likely; reconstruction/regeneration relevance,Final core,not_checked,not_checked,,,,,not_checked,
PUBMED_0750,38428773,3D bioprinted photo crosslinkable GelMA/methylcellulose hydrogel mimicking native corneal model with enhanced in vitro cytocompatibility and sustained keratocyte phenotype for stromal regeneration.,2024,International journal of biological macromolecules,10.1016/j.ijbiomac.2024.130472,stroma,16,clinical/translational evidence; in vivo evidence; clear biomaterial/scaffold/carrier signal; benchmarking metrics likely; reconstruction/regeneration relevance,Final core,not_checked,not_checked,,,,,not_checked,
PUBMED_0805,39101028,Oriented cellulose hydrogel: Directed tissue regeneration for reducing corneal leukoplakia and managing fungal corneal ulcers.,2024,Bioactive materials,10.1016/j.bioactmat.2024.07.008,stroma,16,clinical/translational evidence; in vivo evidence; clear biomaterial/scaffold/carrier signal; benchmarking metrics likely; reconstruction/regeneration relevance,Final core,not_checked,not_checked,,,,,not_checked,
PUBMED_0812,39169887,Granular polyrotaxane microgels as injectable hydrogels for corneal tissue regeneration.,2024,Biomaterials science,10.1039/d4bm00409d,stroma,16,clinical/translational evidence; in vivo evidence; clear biomaterial/scaffold/carrier signal; benchmarking metrics likely; reconstruction/regeneration relevance,Final core,not_checked,not_checked,,,,,not_checked,
PUBMED_0818,39218556,Triple-crosslinked double-network alginate/dextran/dendrimer hydrogel with tunable mechanical and adhesive properties: A potential candidate for sutureless keratoplasty.,2024,Carbohydrate polymers,10.1016/j.carbpol.2024.122538,stroma,16,clinical/translational evidence; in vivo evidence; clear biomaterial/scaffold/carrier signal; benchmarking metrics likely; reconstruction/regeneration relevance,Final core,not_checked,not_checked,,,,,not_checked,
PUBMED_0871,39819884,Digital light processing 3D bioprinting of biomimetic corneal stroma equivalent using gelatin methacryloyl and oxidized carboxymethylcellulose interpenetrating network hydrogel.,2025,Biofabrication,10.1088/1758-5090/adab27,stroma,16,clinical/translational evidence; in vivo evidence; clear biomaterial/scaffold/carrier signal; benchmarking metrics likely; reconstruction/regeneration relevance,Final core,not_checked,not_checked,,,,,not_checked,
PUBMED_0947,40613723,A graphene oxide/niobium carbide MXene composite-based functional nanocomposite scaffold for artificial corneas.,2025,Nanoscale,10.1039/d5nr01312g,stroma,16,clinical/translational evidence; in vivo evidence; clear biomaterial/scaffold/carrier signal; benchmarking metrics likely; reconstruction/regeneration relevance,Final core,not_checked,not_checked,,,,,not_checked,
PUBMED_0990,41073348,Native Bio-Lenticules Mediated Rapamycin Delivery for Corneal Immunomodulation and Tissue Repair Promotion.,2025,ACS biomaterials science & engineering,10.1021/acsbiomaterials.5c01309,stroma,16,clinical/translational evidence; in vivo evidence; clear biomaterial/scaffold/carrier signal; benchmarking metrics likely; reconstruction/regeneration relevance,Final core,not_checked,not_checked,,,,,not_checked,
PUBMED_1038,41548128,In Vivo Evaluation of Injected and Bioprinted Hyaluronic Acid-Based Bioink in Corneal Stromal Pocket.,2026,Macromolecular bioscience,10.1002/mabi.202500555,stroma,16,clinical/translational evidence; in vivo evidence; clear biomaterial/scaffold/carrier signal; benchmarking metrics likely; reconstruction/regeneration relevance,Final core,not_checked,not_checked,,,,,not_checked,
PUBMED_1068,41947731,Functional 3D bioprinting with GelMA/CMCh bioinks: a supportive microenvironment for stromal keratocyte maintenance and potential corneal stromal repair.,2026,Journal of materials chemistry. B,10.1039/d5tb02459e,stroma,16,clinical/translational evidence; in vivo evidence; clear biomaterial/scaffold/carrier signal; benchmarking metrics likely; reconstruction/regeneration relevance,Final core,not_checked,not_checked,,,,,not_checked,
PUBMED_0106,30339045,Evaluation of the Suitability of Biocompatible Carriers as Artificial Transplants Using Cultured Porcine Corneal Endothelial Cells.,2019,Current eye research,10.1080/02713683.2018.1536215,stroma,14,clinical/translational evidence; in vivo evidence; clear biomaterial/scaffold/carrier signal; benchmarking metrics likely,Final core,not_checked,not_checked,,,,,not_checked,
PUBMED_0152,30995622,Shear-induced alignment of collagen fibrils using 3D cell printing for corneal stroma tissue engineering.,2019,Biofabrication,10.1088/1758-5090/ab1a8b,stroma,14,clinical/translational evidence; in vivo evidence; clear biomaterial/scaffold/carrier signal; benchmarking metrics likely,Final core,not_checked,not_checked,,,,,not_checked,
