screening_id,pmid,title,abstract,year,journal,doi,sources,source_count,decision,exclusion_reason,corneal_layer,priority_level,screening_notes,epithelium_limbus_relevance_score,epithelium_limbus_relevance_terms,recommended_action,strict_epithelium_limbus_decision,strict_epithelium_limbus_reason,top_tier_score,top_tier_reason,top_tier_decision
PUBMED_0030,29392398,Generation and characterisation of decellularised human corneal limbus.,"PURPOSE: Limbal epithelial stem cells (LESC) reside in a niche in the corneo-scleral transition zone. Deficiency leads to pain, corneal opacity, and eventually blindness. LESC transplantation of ex-vivo expanded human LESC on a carrier such as human amniotic membrane is a current treatment option. We evaluated decellularised human limbus (DHL) as a potential carrier matrix for the transplantation of LESC. METHODS: Human corneas were obtained from the local eye bank. The limbal tissue was decellularised by sodium desoxychelate and DNase solution and sterilised by γ-irradiation. Native limbus- and DHL-surface structures were assessed by scanning electron microscopy and collagen ultrastructure using transmission electron microscopy. Presence and preservation of limbal basement membrane proteins in native limbus and DHL were analysed immunohistochemically. Absence of DNA after decellularisation was assessed by Feulgen staining and DNA quantification. Presence of immune cells was explored by CD45 staining, and potential cytotoxicity was tested using a cell viability assay. RESULTS: In the DHL, the DNA content was reduced from 1.5 ± 0.3 μg/mg to 0.15 ± 0.01 μg/mg; the three-dimensional structure and the arrangement of the collagen fibrils were preserved. Main basement membrane proteins such as collagen IV, laminin, and fibronectin were still present after decellularisation and γ-irradiation. CD45-expressing cells were evident neither in the native limbus nor in the DHL. DHL did not convey cytotoxicity. CONCLUSIONS: The extracellular matrix (ECM) of the limbus provides a tissue specific morphology and three-dimensionality consisting of particular ECM proteins. It therefore represents a substantial component of the stem cell niche. The DHL provides a specific limbal niche surrounding, and might serve as an easily producible carrier matrix for LESC transplantation.",2018,Graefe's archive for clinical and experimental ophthalmology = Albrecht von Graefes Archiv fur klinische und experimentelle Ophthalmologie,10.1007/s00417-018-3904-1,A3_epithelium_limbus,1,Include,,epithelium_limbus,Medium,"Corrected include: title/abstract indicates corneal tissue engineering, biomaterial/scaffold, engineered construct, decellularized matrix, cell sheet, or regeneration/reconstruction relevance.",4,carrier; membrane; amniotic membrane; limbal; lesc; cell viability; rat; transplantation,Add to core candidate,Add to epithelium/limbus core,Clear epithelial/limbal tissue-engineering scaffold/carrier/cell-sheet signal with reconstruction or regeneration relevance.,5,scaffold/carrier/material present; translational or in vivo evidence; extractable benchmark markers likely,Supporting epithelium/limbus record
PUBMED_0213,31652804,A Hyaluronan Hydrogel Scaffold for Culture of Human Oral Mucosal Epithelial Cells in Limbal Stem-Cell Therapy.,"Hyaluronan (HA), a major component of the extracellular matrix, plays a key role in cell proliferation, growth, survival, polarization and differentiation. We investigated the optimization of a HA hydrogel scaffold for culture of human oral mucosal epithelial cells (OMECs) for potential application in limbal stem cell therapy. The effect of the optimized scaffold on OMEC cell sheet morphology, cell metabolic activity and expression of genes associated with stemness, adherence and cell damage was studied. The results indicate that HA hydrogels crosslinked with polyethylene glycol diacrylate (PEGDA) failed to support OMEC attachment and growth. However, HA hydrogel scaffolds dried for three days and coated with 1 mg/mL collagen IV produced a full OMEC sheet. Cell morphology was comparable to control after three weeks culture, maintaining 76% metabolic activity. Of apoptosis-related genes, the pro-apoptotic markers CASP3 and BAX2 were upregulated and downregulated, respectively, compared to control whereas the anti-apoptotic marker BCL2 was downregulated. The expression level of stemness genes ΔNp63α and ABCG2 was significantly higher than control. Genes associated with improved scar-less wound healing (integrin-V) and protection of the ocular surface (cadherin-1) had ~3-fold increased expression. These data suggest that our optimized HA-hydrogel scaffold could enhance culture of OMEC cell sheets for use in ocular reconstruction.",2019,"Bioengineering (Basel, Switzerland)",10.3390/bioengineering6040097,A3_epithelium_limbus,1,Include,,epithelium_limbus,Medium,"Corrected include: title/abstract indicates corneal tissue engineering, biomaterial/scaffold, engineered construct, decellularized matrix, cell sheet, stem-cell construct, or regeneration/reconstruction relevance.",4,scaffold; sheet; hydrogel; limbal; limbal stem; ocular surface; wound healing; p63; abcg2; rat,Add to core candidate,Add to epithelium/limbus core,Clear epithelial/limbal tissue-engineering scaffold/carrier/cell-sheet signal with reconstruction or regeneration relevance.,5,scaffold/carrier/material present; cell-sheet/cultivated epithelial construct present; extractable benchmark markers likely,Supporting epithelium/limbus record
PUBMED_0286,32518325,"Cell jamming, stratification and p63 expression in cultivated human corneal epithelial cell sheets.","Corneal limbal epithelial stem cell transplantation using cultivated human corneal epithelial cell sheets has been used successfully to treat limbal stem cell deficiencies. Here we report an investigation into the quality of cultivated human corneal epithelial cell sheets using time-lapse imaging of the cell culture process every 20 minutes over 14 days to ascertain the level of cell jamming, a phenomenon in which cells become smaller, more rounded and less actively expansive. In parallel, we also assessed the expression of p63, an important corneal epithelial stem cell marker. The occurrence of cell jamming was variable and transient, but was invariably associated with a thickening and stratification of the cell sheet. p63 was present in all expanding cell sheets in the first 9 days of culture, but it's presence did not always correlate with stratification of the cell sheet. Nor did p63 expression necessarily persist in stratified cell sheets. An assessment of cell jamming, therefore, can shed significant light on the quality and regenerative potential of cultivated human corneal epithelial cell sheets.",2020,Scientific reports,10.1038/s41598-020-64394-6,A3_epithelium_limbus,1,Include,,epithelium_limbus,Medium,"Corrected include: title/abstract indicates corneal tissue engineering, biomaterial/scaffold, engineered construct, decellularized matrix, cell sheet, stem-cell construct, or regeneration/reconstruction relevance.",4,sheet; corneal epithelial; limbal; limbal stem; stratification; p63; rat; transplantation,Add to core candidate,Add to epithelium/limbus core,Clear epithelial/limbal tissue-engineering scaffold/carrier/cell-sheet signal with reconstruction or regeneration relevance.,5,cell-sheet/cultivated epithelial construct present; translational or in vivo evidence; extractable benchmark markers likely,Supporting epithelium/limbus record
PUBMED_0385,33530972,Biobanked human foreskin epithelial cell sheets reduce inflammation and promote wound healing in a nude mouse model.,"BACKGROUND: Human epithelial cell sheets (ECSs) are used to clinically treat epithelial conditions such as burns, corneal blindness, middle ear cholesteatoma and vitiligo. As a widely used material in clinic, there is little information on the biobanking of ECSs and its repair effect after storage. RESULTS: Two methods for biobanking foreskin ECSs were compared in a short term (7 days): 4-degree storage and programmed cryopreservation. Cell sheet integrity, viability, apoptosis, immunogenicity, mechanical properties and function were evaluated. In vivo, ECSs were directly transplanted to skin defect models and histological examination was performed at 1 week postoperatively. We successfully extracted human foreskin-derived primary epithelial cells and fabricated them into ECSs. Compared with 4-degree storage, programmed cryopreservation preserved the ECS structural integrity, enhanced the mechanical properties, decreased HLA-I expression, and increased cell viability and survival. An increased proportion of melanocytes with proliferative capacity remained in the cryopreserved sheets, and the undifferentiated epithelial cells were comparable to those of the fresh sheets. In vivo, cryopreserved ECSs could reduce inflammatory cell infiltration and promote connective tissue remodeling, epithelial cell proliferation and vascular regeneration. CONCLUSIONS: Programmed cryopreservation of ECSs was superior and more feasible than 4-degree storage and the cryopreserved ECSs achieved satisfying skin wound healing in vivo. We anticipate that the off-the-shelf ECSs could be quickly used, such as, to repair human epithelial defect in future.",2021,BMC biotechnology,10.1186/s12896-021-00672-z,A3_epithelium_limbus,1,Include,,epithelium_limbus,Medium,"Corrected include: title/abstract indicates corneal tissue engineering, biomaterial/scaffold, engineered construct, decellularized matrix, cell sheet, stem-cell construct, or regeneration/reconstruction relevance.",4,sheet; epithelial cell; wound healing; cell viability; rat; mouse; in vivo,Add to core candidate,Add to epithelium/limbus core,Clear epithelial/limbal tissue-engineering scaffold/carrier/cell-sheet signal with reconstruction or regeneration relevance.,5,cell-sheet/cultivated epithelial construct present; translational or in vivo evidence; extractable benchmark markers likely,Supporting epithelium/limbus record
PUBMED_0579,35986035,Limbal epithelial stem cell sheets from young donors have better regenerative potential.,"To investigate the stemness of limbal epithelial stem cell sheets in relation to the donor's age. Human limbal explants from cadaveric donors were set on human amniotic membrane scaffolds with the xeno-free medium. We evaluated limbal epithelial sheet size, expression of stem/progenitor cell markers, and colony formation efficiency from donors of different age groups (age ≤ 45, age 45-65, and age > 65). Expression of the proliferation marker Ki67, stem/progenitor cell markers p63α and ABCG2, cornea specific marker PANCK, and differentiation marker CK12 were evaluated. To determine the effect of donor age on the storage period of limbal explant sheets, the limbal explant outgrowth sheets were stored in 4 °C for 2 days and analyzed for JC-1, p63α, and PANCK with FACS on each day. From days 6 to 12, the outgrowth area of the limbal epithelial stem cell sheet was significantly larger in the age ≤ 45 groups (296 ± 54.7 mm(2), day 9) compared to the other two age groups [age 45-65 group (278 ± 62.6 mm(2)), age > 65 group (257 ± 44.0 mm(2)), day 9] (p < 0.01). In terms of stemness, outgrowth cells from aged donors (age > 65) showed lower expression of stem/progenitor cell markers p63α and ABCG2 and decreased CFE compared to the other two groups. There were significantly more p63α+ cells in outgrowth cells in the age ≤ 45 group (18.2 ± 3.6%) compared to the age > 65 group (14.1 ± 4.6%; p < 0.01). Limbal explant outgrowth sheet on the age ≤ 45 group (32.7 ± 7.5%) had higher percentages of cells resisting staining by JC-1 compared with sheets under the age > 65 groups (25.7 ± 7.1%, p < 0.01) (JC-1(low)). Cells from the age ≤ 45 group showed a higher clonogenic capacity than those from the other two age groups (45 < Age ≤ 65 CFE ratio = 0.7 ± 0.16, p < 0.01; 65 < Age CFE ratio = 0.3 ± 0.06, p < 0.01, vs. Age ≤ 45). In the age > 65 group, positive cells of p63α on D0, 1, and 2 were significantly lower compared to those in the age ≤ 45 group on the storage period (p < 0.01, respectively). Our results imply that donors younger than 65 years of age are a better source of limbal epithelial stem cell sheet generation with high regeneration potential.",2022,Scientific reports,10.1038/s41598-022-17821-9,A3_epithelium_limbus,1,Include,,epithelium_limbus,Medium,"Corrected include: title/abstract indicates corneal tissue engineering, biomaterial/scaffold, engineered construct, decellularized matrix, cell sheet, stem-cell construct, or regeneration/reconstruction relevance.",4,scaffold; membrane; sheet; limbal; p63; k12; abcg2; rat,Add to core candidate,Add to epithelium/limbus core,Clear epithelial/limbal tissue-engineering scaffold/carrier/cell-sheet signal with reconstruction or regeneration relevance.,5,scaffold/carrier/material present; cell-sheet/cultivated epithelial construct present; extractable benchmark markers likely,Supporting epithelium/limbus record
PUBMED_0638,36852699,Engraftment and Proliferation of Thermoreversible-Gelation-Polymer-Encapsulated Human Corneal Limbal-Stem-Cells on Ocular Surface of a Cadaver Cornea.,"PURPOSE: Corneal limbal stem cell (LSC) transplantation has been reported as a potential approach to treat the damaged corneal epithelium. Scaffolds such as human amniotic membrane (hAM) are commonly employed for the in vitro culture and as a carrier during in vivo transplantation. However, they carry the risk of biological contamination and donor to donor variability. To overcome these disadvantages, we herein report the capabilities of a synthetic thermoreversible gelation polymer (TGP) scaffold to serve as an encapsulation support during LSC transplantation and to enable engraftment for corneal regeneration. METHODS: Sixteen discarded human corneas were used to isolate the corneal epithelium which was cultured in TGP and hAM. The cell proliferation and characteristics between TGP and hAM culture methods were evaluated by microscopic observation, 3H Thymidine incorporation assay, immunoperoxidase and immunofluorescence staining. RESULTS: The 3H Thymidine assay's results showed that TGP allowed human-donor cornea-derived LSCs to proliferate well in vitro, compared to hAM and the cells encapsulated in TGP and transplanted ex vivo onto a human cadaver donor cornea denuded of its epithelium, migrated on the ocular surface, and proliferated to form a continuous layer in 25 days. Immunoperoxidase and Immunofluorescence staining of TGP-cultured cells were positive for LSC markers (p63, ABCG2, Connexin 43 and Integrin β), proving that the TGP helps to preserve the limbal cells' stemness. CONCLUSION: TGP is found to be a multipurpose scaffold for (i) in vitro culture, (ii) ex vivo encapsulation, and in vivo transplantation (iii), enabling engraftment of LSCs in this study, with potentials to extend its application in cell-based therapies in several regenerative medicine approaches.",2023,Current eye research,10.1080/02713683.2023.2180039,A3_epithelium_limbus,1,Include,,epithelium_limbus,Medium,"Corrected include: title/abstract indicates corneal tissue engineering, biomaterial/scaffold, engineered construct, decellularized matrix, cell sheet, stem-cell construct, or regeneration/reconstruction relevance.",4,scaffold; carrier; membrane; corneal epithelium; limbal; limbal stem; p63; abcg2; rat; ex vivo; in vivo,Add to core candidate,Add to epithelium/limbus core,Clear epithelial/limbal tissue-engineering scaffold/carrier/cell-sheet signal with reconstruction or regeneration relevance.,5,scaffold/carrier/material present; translational or in vivo evidence; extractable benchmark markers likely,Supporting epithelium/limbus record
PUBMED_0768,38565006,Mucoadhesive phenylboronic acid-grafted carboxymethyl cellulose hydrogels containing glutathione for treatment of corneal epithelial cells exposed to benzalkonium chloride.,"Benzalkonium chloride (BAK) is the most commonly-used preservative in topical ophthalmic medications that may cause ocular surface inflammation associated with oxidative stress and dry eye syndrome. Glutathione (GSH) is an antioxidant in human tears and able to decrease the proinflammatory cytokine release from cells and reactive oxygen species (ROS) formation. Carboxymethyl cellulose (CMC), a hydrophilic polymer, is one of most commonly used artificial tears and can promote the corneal epithelial cell adhesion, migration and re-epithelialization. However, most of commercial artificial tears provide only temporary relief of irritation symptoms and show the short-term treatment effects. In the study, 3-aminophenylboronic acid was grafted to CMC for increase of mucoadhesive properties that might increase the precorneal retention time and maintain the effective therapeutic concentration on the ocular surface. CMC was modified with different degree of substitution (DS) and characterized by Fourier transform infrared spectroscopy and nuclear magnetic resonance spectroscopy. Phenylboronic acid (PBA)-grafted CMC hydrogels have interconnected porous structure and shear thinning behavior. Modification of CMC with high DS (H-PBA-CMC) shows the strong bioadhesive force. The optimal concentration of GSH to treat corneal epithelial cells (CECs) was evaluated by cell viability assay. H-PBA-CMC hydrogels could sustained release GSH and decrease the ROS level. H-PBA-CMC hydrogels containing GSH shows the therapeutic effects in BAK-damaged CECs via improvement of inflammation, apoptosis and cell viability. After topical administration of developed hydrogels, there was no ocular irritation in rabbits. These results suggested that PBA-grafted CMC hydrogels containing GSH might have potential applications for treatment of dry eye disease.",2024,"Colloids and surfaces. B, Biointerfaces",10.1016/j.colsurfb.2024.113884,A3_epithelium_limbus,1,Include,,epithelium_limbus,Medium,"Corrected include: title/abstract indicates corneal tissue engineering, biomaterial/scaffold, engineered construct, decellularized matrix, cell sheet, stem-cell construct, or regeneration/reconstruction relevance.",4,hydrogel; corneal epithelial; ocular surface; epithelial cell; re-epithelialization; cell viability; migration; rabbit; rat,Add to core candidate,Add to epithelium/limbus core,Clear epithelial/limbal tissue-engineering scaffold/carrier/cell-sheet signal with reconstruction or regeneration relevance.,5,scaffold/carrier/material present; translational or in vivo evidence; extractable benchmark markers likely,Supporting epithelium/limbus record
PUBMED_0781,38887317,Limbal stem cells carried by a four-dimensional -printed chitosan-based scaffold for corneal epithelium injury in diabetic rabbits.,"Methods: Herein, we obtained and characterized deltaN p63- and adenosine triphosphate-binding cassette subfamily G member 2-expressing limbal stem cells (LSCs). Chitosan and carboxymethyl chitosan (CTH) were cross-linked to be an in situ thermosensitive hydrogel (ACH), which was printed through four-dimensional (4D) printing to obtain a porous carrier with uniform pore diameter (4D-CTH). Rabbits were injected with alloxan to induce diabetes mellitus (DM). Following this, the LSC-carrying hydrogel was spread on the surface of the cornea of the diabetic rabbits to cure corneal epithelium injury. Results: Compared with the control group (LSCs only), rapid wound healing was observed in rabbits treated with LSC-carrying 4D-CTH. Furthermore, the test group also showed better corneal nerve repair ability. The results indicated the potential of LSC-carrying 4D-CTH in curing corneal epithelium injury. Conclusion: 4D-CTH holds potential as a useful tool for studying regenerative processes occurring during the treatment of various diabetic corneal epithelium pathologies with the use of stem cell-based technologies.",2024,Frontiers in physiology,10.3389/fphys.2024.1285850,A3_epithelium_limbus,1,Include,,epithelium_limbus,Medium,"Corrected include: title/abstract indicates corneal tissue engineering, biomaterial/scaffold, engineered construct, decellularized matrix, cell sheet, stem-cell construct, or regeneration/reconstruction relevance.",4,scaffold; carrier; hydrogel; corneal epithelium; limbal; limbal stem; wound healing; p63; rabbit; rat,Add to core candidate,Add to epithelium/limbus core,Clear epithelial/limbal tissue-engineering scaffold/carrier/cell-sheet signal with reconstruction or regeneration relevance.,5,scaffold/carrier/material present; translational or in vivo evidence; extractable benchmark markers likely,Supporting epithelium/limbus record
PUBMED_0809,39151772,The effect of platelet-rich plasma and sodium alginate hydrogel on corneal wound healing after corneal alkali burns in rats with computer-assisted anterior segment optical coherence tomography image analysis.,"Our objective was to determine the effect of a semi-synthetic sodium alginate hydrogel and its combination with platelet-rich plasma (PRP) on histopathological, biochemical, clinical, and anterior segment optical coherence tomography (AS-OCT) data. Alkali chemical burn of the cornea was induced. Injured rats were randomly divided into five equal groups and topically treated with phosphate-buffered saline (sham), platelet-rich plasma (PRP), 0.5% sodium citrate, a semi-synthetic sodium alginate hydrogel, or a combination of PRP and hydrogel (combined group) three times daily. The degree of corneal opacity (CO), corneal epithelial staining (CES), percentage of corneal epithelial defects (CEDP), degree of ciliary hyperemia (CH), neovascularization size (NVS), and extent of neovascularization (NVE) were evaluated. AS-OCT was performed at nine days, and then rats were sacrificed. Histological examination and enzyme-linked immunosorbent assays were performed to detect the concentrations of IL-1β and MMP-9 in the cornea. There were no significant differences between the groups regarding CEDP, CO, CES, CH, NVS, or NVE on the first day after corneal alkali burn injury (p > 0,05). At the last examination, CO was significantly lower in the PRP group than in the sham group (p = 0,044), while the CO concentrations were similar in terms of NVS (p > 0,05). Similarly, in terms of tissue MMP-9 levels, there were no significant differences between groups (p > 0,05). However, there was a significant difference in tissue IL-1β levels between the groups (p < 0,001). In the PRP and combined groups, the level of IL-1β was significantly lower than that in the sham group (p = 0,043 and p = 0,036, respectively). There was a significant difference in epithelial necrosis between the PRP, and it was the lowest in the combined group (p = 0,003). Epithelial thickness was highest in the combined group (p = 0,002). CEDP was significantly different at the last visit between the groups (p = 0.042). The fastest epithelial closing rate was observed for the combined group (p = 0,026). There was a significant negative correlation between tissue MMP-9 levels and corneal solidity and between tissue MMP-9 levels and the corneal area according to the AS-OCT measurements (p = 0,012 and p = 0,027, respectively). When used alone, topical hydrogel application did not significantly enhance the healing of corneal wounds. However, when combined with PRP, it leads to an increased rate of epithelial closure and neovascularization. This combination did not exacerbate inflammation or corneal opacity compared to PRP alone. The anticoagulant citrate solution in the PRP tube did not prove effective. The synergistic use of PRP and hydrogel could enhance epithelial thickness and reduce epithelial necrosis. The use of new parameters for corneal wound healing assessment was facilitated through AS-OCT image processing.",2024,Experimental eye research,10.1016/j.exer.2024.110044,A3_epithelium_limbus,1,Include,,epithelium_limbus,Medium,"Corrected include: title/abstract indicates corneal tissue engineering, biomaterial/scaffold, engineered construct, decellularized matrix, cell sheet, stem-cell construct, or regeneration/reconstruction relevance.",4,hydrogel; corneal epithelial; wound healing; rat; clinical,Add to core candidate,Add to epithelium/limbus core,Clear epithelial/limbal tissue-engineering scaffold/carrier/cell-sheet signal with reconstruction or regeneration relevance.,5,strong reconstruction/regeneration relevance; scaffold/carrier/material present,Supporting epithelium/limbus record
PUBMED_0858,39689863,An Optimized Method to Produce Human-Induced Pluripotent Stem Cell-Derived Limbal Stem Cells Easily Adaptable for Clinical Use.,"In adults, the limbal stem cells (LSC) reside in the limbal region of the eye, at the junction of the cornea and the sclera where they renew the outer epithelial layer of the cornea assuring transparency. LSC deficiencies (LSCD) due to disease or injury account for one of the major causes of blindness. Among current treatments for LSCD, cornea transparency can be restored by providing new LSC to the damaged eye and induced pluripotent stem cells (iPSC) holds great promise as a new advanced cell source. A synthetic mRNA-based protocol to produce human iPSC from bone marrow mesenchymal stem cells has been defined. The results demonstrate a standardizable method that can be easily adaptable for clinical-grade production standards, produce high-purity LSC-like cells in a relatively rapid timeframe of 12 days, and can be successfully seeded on amniotic membrane or a biodegradable fibrin gel for transplantation. In vivo data demonstrated it is feasible to transplant the iPSC-LSC fibrin patch. In conclusion, an efficient method has been developed to produce patient-specific LSC and seed them on a scaffold fibrin gel for future treatment of LSC-deficiency disease.",2025,Stem cells and development,10.1089/scd.2024.0172,A3_epithelium_limbus,1,Include,,epithelium_limbus,Medium,"Corrected include: title/abstract indicates corneal tissue engineering, biomaterial/scaffold, engineered construct, decellularized matrix, cell sheet, stem-cell construct, or regeneration/reconstruction relevance.",4,scaffold; membrane; patch; limbal; limbal stem; lsc; transparency; rat; in vivo; transplantation,Add to core candidate,Add to epithelium/limbus core,Clear epithelial/limbal tissue-engineering scaffold/carrier/cell-sheet signal with reconstruction or regeneration relevance.,5,scaffold/carrier/material present; translational or in vivo evidence; extractable benchmark markers likely,Supporting epithelium/limbus record
PUBMED_0896,39985258,A Silk Fibroin Nanoparticle Hydrogel Loaded With NK1R Antagonist Has Synergistic Anti-Inflammatory and Reparative Effects on Dry Eye Disease.,"Dry eye disease (DED) is a multifactorial illness affecting tears and the ocular surface. The neurokinin 1 receptor (NK1R) is a target for controlling T helper 17 (Th17) and regulatory T cell (Treg) imbalances. This work creates a silk fibroin (SF) nanoparticle hydrogel that targets NK1R with CP-99,994 (CP). Combining CP and SF to generate stable nanoparticles while integrating a flexible hydrogel material results in a sustained-release ophthalmic drop formulation (SF@CP@Gel), which provides a long-lasting ocular formulation with anti-inflammatory and reparative properties. SF@CP@Gel could maintain a stable CP concentration for 25 h with detectable biological activity. The cell counting kit-8 and 2,7-DHL-DA results reveal that SF@CP@Gel has no cytotoxic effect on human corneal epithelial cells (HCECs) and decreases the reactive oxygen species level in oxidatively damaged HCECs. Cell scratch assays demonstrate that SF@CP@Gel can greatly increase HCEC migration and proliferation within 24 h. Furthermore, in vivo therapy with topical SF@CP@Gel twice daily markedly reduce clinical symptoms by reducing the amount of pathogenic Th17 cells while efficiently restoring Treg activity. In summary, this work reveals that SF@CP@Gel might attenuate DED by inhibiting NK1R-mediated SP signaling and thereby modulating the Th17/Treg ratio, a potential anti-inflammatory and repair treatment method for DED.",2025,"Advanced science (Weinheim, Baden-Wurttemberg, Germany)",10.1002/advs.202404835,A3_epithelium_limbus,1,Include,,epithelium_limbus,Medium,"Corrected include: title/abstract indicates corneal tissue engineering, biomaterial/scaffold, engineered construct, decellularized matrix, cell sheet, stem-cell construct, or regeneration/reconstruction relevance.",4,hydrogel; corneal epithelial; ocular surface; epithelial cell; migration; rat; in vivo; clinical,Add to core candidate,Add to epithelium/limbus core,Clear epithelial/limbal tissue-engineering scaffold/carrier/cell-sheet signal with reconstruction or regeneration relevance.,5,scaffold/carrier/material present; translational or in vivo evidence; extractable benchmark markers likely,Supporting epithelium/limbus record
PUBMED_0913,40231530,Human-like Skin Tissue Graft Generated Using Human UmbilicalCordBlood Mesenchymal Stem Cells and Acellular Amniotic Membrane: A New Approach in Reconstructive Medicine.,"BACKGROUND: Due to its outstanding biological properties, the Human Amniotic Membrane (HAM) has been a topic of medical research for many years to treat, repair, and regenerate damages related to the epithelial surface, corneal epithelial, orthopedic, and infected body parts. The HAM shows crucial anti-inflammatory, anti-bacterial, and anti-viral properties and immunomodulating qualities. Therefore, the HAM is one of the most used natural biomaterials in tissue engineering to generate bio-scaffolds. OBJECTIVE: This study used HAM as a raw material to produce a collagen membrane that fully meets the criteria for creating a bioscaffold with suitable mechanical strength and limited risk of graft rejection. This collagen membrane would be a bioscaffold to carry Human Umbilical Cord Blood Mesenchymal Stem Cells (hUCB-MSCs) to generate human epithelial-like cell sheets. Shortly, these cell sheets can repair and regenerate the epithelial layer in trauma cases, severe damage from accidents, burns, and other post-operational conditions. METHODS: Among the varieties of stem cells currently being researched, MSCs are the most studied and applied due to their outstanding bio-qualities and regenerative features. We used International Society for Cells and Gene Therapy (ISCT) standards to identify and characterize the hUCB-MSCs obtained from a donor's umbilical cord blood who provided consent. We used an inverted phase contrast microscope to evaluate morphological changes and epithelial stratification of cultured growing cells on the collagen scaffold. Further, staining techniques, such as H&E and Trichrome, were used to assess the morphology and structure of the new epithelial construct; histochemical staining with p63 and ck 1/10 markers was used to evaluate the cellular characteristics and specific traits. Transmission electron microscopy was used to validate cell junctions. RESULTS: This study successfully obtained human epithelial-like cell sheets with multiple cell layers, morphology, and characteristics comparable to human epithelial tissue. CONCLUSION: The results of this study will constitute a potential alternative to autologous skin grafting in heavy skin loss and deep lesions.",2025,"Endocrine, metabolic & immune disorders drug targets",10.2174/0118715303370737250324063647,D3_full_thickness_multilayer,1,Include,,epithelium_limbus,Medium,"Corrected include: title/abstract indicates corneal tissue engineering, biomaterial/scaffold, engineered construct, decellularized matrix, cell sheet, stem-cell construct, or regeneration/reconstruction relevance.",4,scaffold; membrane; sheet; corneal epithelial; stratification; p63; rat,Add to core candidate,Add to epithelium/limbus core,Clear epithelial/limbal tissue-engineering scaffold/carrier/cell-sheet signal with reconstruction or regeneration relevance.,5,scaffold/carrier/material present; cell-sheet/cultivated epithelial construct present; extractable benchmark markers likely,Supporting epithelium/limbus record
PUBMED_1005,41202160,Enhanced Corneal Wound Healing and Neovascularization Suppression via AME-SupraGel: A Biocompatible Hydrogel with Sustained Release and Stability.,"Amniotic membrane extract (AME) is widely recognized for its anti-inflammatory, antifibrotic, and antiangiogenic properties, making it a valuable option for corneal wound healing. However, short retention time and rapid degradation of AME limit its clinical efficacy. In this study, we developed a novel AME-SupraGel that combines the therapeutic benefits of AME with the sustained-release capabilities of a supramolecular peptide-based hydrogel. The design of AME-SupraGel addresses the limitations of the AME solution by enhancing retention on the ocular surface and providing prolonged therapeutic action. In vitro scratch-wound assays demonstrated significantly faster wound closure in corneal epithelial cells treated with AME-SupraGel than in those treated with AME or the peptide hydrogel alone. Moreover, AME-SupraGel exhibited superior biocompatibility, as evidenced by CCK-8 assays, and achieved sustained release of hepatocyte growth factor over 54 h. In an alkali burn-induced corneal injury model, AME-SupraGel significantly reduced corneal opacity and neovascularization, promoted clearer corneal surfaces, and limited blood vessel formation compared to other treatments. Additionally, the stability of the active components of AME-SupraGel at different temperatures enhances its clinical convenience by facilitating long-term storage without compromising efficacy. Overall, AME-SupraGel represents a promising therapeutic strategy for corneal wound healing, offering a noninvasive, long-lasting, and effective treatment option for ocular surface injuries.",2025,ACS biomaterials science & engineering,10.1021/acsbiomaterials.5c01303,A3_epithelium_limbus,1,Include,,epithelium_limbus,Medium,"Corrected include: title/abstract indicates corneal tissue engineering, biomaterial/scaffold, engineered construct, decellularized matrix, cell sheet, stem-cell construct, or regeneration/reconstruction relevance.",4,membrane; hydrogel; amniotic membrane; corneal epithelial; ocular surface; epithelial cell; wound healing; rat; clinical,Add to core candidate,Add to epithelium/limbus core,Clear epithelial/limbal tissue-engineering scaffold/carrier/cell-sheet signal with reconstruction or regeneration relevance.,5,strong reconstruction/regeneration relevance; scaffold/carrier/material present,Supporting epithelium/limbus record
PUBMED_1023,41471055,Generation of a Bioengineered Substitute of the Human Sclero-Corneal Limbus Using a Novel Decellularization Method.,"Background: Severe dysfunction of the human limbus associated with limbal stem cell deficiency is a therapeutic challenge, especially when a structural alteration of the limbal niche is associated. Methods: We have evaluated seven decellularization protocols applied to 20 human sclero-corneal limbus, based on the use of SDS (protocol P1), SDS + NaCl (P2), SDS + triton X-100 + SDC + enzymatic treatment (P3), SDS + triton X-100 + SDC + enzymatic treatment + trypsin (P4), sulfobetains + DNAse (P5), sulfobetains + SDC + DNAse (P6) and SDC + DNAse (P7). The decellularization efficiency of each protocol, biocompatibility and safety, as well as their capability to support cell attachment and differentiation, were evaluated. Results: Results showed that the use of protocols P1 to P4, based on strong ionic detergents such as SDS, was not efficient for decellularizing the human limbus. Conversely, protocols P5, P6 and P7 removed more than 95% of DNA while preserving 60-100% of the extracellular matrix components. These protocols were biocompatible, as macrophages cultured with decellularized scaffolds were viable and differentiated to the pro-regenerative M2 phenotype (CD163/CD86 ratio > 2) without inducing a significant increase in reactive oxygen species (ROS). Protocols P6 and P7 supported cell attachment, survival and differentiation of corneal epithelial cells and four types of mesenchymal stem cells cultured on the surface of these scaffolds. Cellularized limbi showed positive expression of several limbal cell markers, especially in scaffolds decellularized with protocol P6. Conclusions: These results support the use of protocol P6 for the generation of human limbal substitutes by tissue engineering using decellularized human limbi. Future studies should determine the clinical potential of the regenerative biomaterial generated in patients with structural limbal damage, particularly in patients with chemical burns and aniridia, where conventional stem cell therapies fail.",2025,Pharmaceutics,10.3390/pharmaceutics17121540,A3_epithelium_limbus,1,Include,,epithelium_limbus,Medium,"Corrected include: title/abstract indicates corneal tissue engineering, biomaterial/scaffold, engineered construct, decellularized matrix, cell sheet, stem-cell construct, or regeneration/reconstruction relevance.",3,scaffold; decellularized; corneal epithelial; limbal; limbal stem; rat; clinical,Add to core candidate,Add to epithelium/limbus core,Clear epithelial/limbal tissue-engineering scaffold/carrier/cell-sheet signal with reconstruction or regeneration relevance.,5,strong reconstruction/regeneration relevance; scaffold/carrier/material present,Supporting epithelium/limbus record
PUBMED_0235,31903218,Influence of polydimethylsiloxane substrate stiffness on corneal epithelial cells.,"Many cell types are known to modulate their behaviour in response to changes in material stiffness; however, little is known about how stiffness affects corneal epithelial cells. This study aims to investigate the response of a corneal epithelial cell line to polydimethylsiloxane (PDMS) substrates with a range of Young's moduli from 10 to 1500 kPa. Cellular morphology, proliferation, differentiation and mechanobiology were examined. Cells grown on PDMS adopted the typical cobblestone morphology exhibited by the corneal epithelium. Proliferative markers pERK and Ki67 were higher in cells cultured on stiffer substrates compared with those on softer substrates. Material stiffness was also found to influence the cell phenotype with cells on stiffer substrates having higher cytokeratin 3 gene expression, a mature epithelial marker, while cells on softer substrates expressed more cytokeratin 14, a basal epithelial marker. Cells grown on softer substrates also displayed higher levels of focal adhesions and intermediate filaments compared with cells on stiff substrates. This research will aid in designing novel biomaterials for the culture and transplantation of corneal epithelial cells.",2019,Royal Society open science,10.1098/rsos.191796,A3_epithelium_limbus,1,Include,,epithelium_limbus,Medium,"Corrected include: title/abstract indicates corneal tissue engineering, biomaterial/scaffold, engineered construct, decellularized matrix, cell sheet, stem-cell construct, or regeneration/reconstruction relevance.",3,substrate; corneal epithelial; corneal epithelium; epithelial cell; rat; transplantation,Add to core candidate,Add to epithelium/limbus core,Clear epithelial/limbal tissue-engineering scaffold/carrier/cell-sheet signal with reconstruction or regeneration relevance.,4,scaffold/carrier/material present; translational or in vivo evidence,Supporting epithelium/limbus record
PUBMED_0242,31988998,A stable protocol for the fabrication of transplantable human oral mucosal epithelial cell sheets for clinical application.,"INTRODUCTION: Cultured stratified epithelial cell sheets have been clinically utilized as transplantable grafts for the regeneration of epithelial tissues, such as the esophagus, cornea, skin, and intraoral cavity. These cell sheets are expected to gain widespread use as regenerative medicine products and save many patients. For this purpose, establishing and disseminating the stale protocol of fabricating the cell sheet is crucial. The fabrication of cultured stratified epithelial cell sheets consists of many important steps, and since the patients' epithelial cell conditions vary widely and are sometimes unstable, the qualities of the epithelial cell grafts are likewise potentially unstable. Therefore, in this paper, we report the stable protocol for fabrication of the transplantable cell sheet particularly from patient-derived oral mucosal tissues. METHODS: Serum extracted from blood and buccal mucosal tissue were collected in Nagasaki University and transported to Tokyo Women's Medical University. Oral mucosal epithelial cells were collected by minimum trypsin method, and this treatment was studied whether to be a critical procedure. After 14 days cultivation, cultured cells were examined whether to be transplantable as cell sheets. RESULTS: We successfully transported buccal mucosal tissue and serum without damage and contamination. Oral mucosal epithelial cells were collected with high viability by minimum trypsin method. Finally, we succeeded to stably fabricate oral mucosal epithelial cell sheets in all 10 patients. CONCLUSIONS: We established a stable protocol for the fabrication of human oral mucosal epithelial cell sheets and their transportation in clinical settings in this study. These methodologies could also be basis for transplantation therapy using cultured cell sheets of various types other than oral mucosal epithelial cell and will contribute largely to the future development of regenerative medicine.",2020,Regenerative therapy,10.1016/j.reth.2019.11.007,A3_epithelium_limbus,1,Include,,epithelium_limbus,Medium,"Corrected include: title/abstract indicates corneal tissue engineering, biomaterial/scaffold, engineered construct, decellularized matrix, cell sheet, stem-cell construct, or regeneration/reconstruction relevance.",3,sheet; epithelial cell; rat; transplantation; clinical,Add to core candidate,Add to epithelium/limbus core,Clear epithelial/limbal tissue-engineering scaffold/carrier/cell-sheet signal with reconstruction or regeneration relevance.,4,cell-sheet/cultivated epithelial construct present; translational or in vivo evidence,Supporting epithelium/limbus record
PUBMED_0247,32023420,Development of an Anti-Inflammatory Drug-Incorporated Biomimetic Scaffold for Corneal Tissue Engineering.,"Purpose: The aim of this study was to design naproxen sodium (NS)-containing, biomimetic, porous poly(lactide-co-glycolide) (PLGA) scaffolds for regeneration of damaged corneal epithelium. Methods: NS-incorporated PLGA scaffolds were prepared using the emulsion freeze-drying method and then coated with collagen or poly-l-lysine. Porosity measurements of the scaffolds were performed by the gas adsorption/desorption method and the scaffolds demonstrated highly porous, open-cellular pore structures with pore sizes from 150 to 200 μm. Results: The drug loading efficiency of scaffolds was found to be higher than 84%, and about 90%-98% of NS was released at the end of 7 days with a fast drug release rate at the initial period of time and then in a slow and sustained manner. The corneal epithelial cells were isolated from New Zealand white rabbits. The obtained cells were seeded onto scaffolds and continued to increase during the time period of the study, indicating that the scaffolds might promote corneal epithelial cell proliferation without causing toxic effects for at least 10 days. Conclusions: The NS-loaded PLGA scaffolds exhibited a combination of controlled drug release and biomimetic properties that might be attractive for use in treatment of corneal damage both for controlled release and biomedical applications.",2020,Journal of ocular pharmacology and therapeutics : the official journal of the Association for Ocular Pharmacology and Therapeutics,10.1089/jop.2019.0114,A3_epithelium_limbus,1,Include,,epithelium_limbus,Medium,"Corrected include: title/abstract indicates corneal tissue engineering, biomaterial/scaffold, engineered construct, decellularized matrix, cell sheet, stem-cell construct, or regeneration/reconstruction relevance.",3,scaffold; collagen; corneal epithelial; corneal epithelium; epithelial cell; rabbit; rat,Add to core candidate,Add to epithelium/limbus core,Clear epithelial/limbal tissue-engineering scaffold/carrier/cell-sheet signal with reconstruction or regeneration relevance.,4,scaffold/carrier/material present; translational or in vivo evidence,Supporting epithelium/limbus record
PUBMED_0293,32548957,Onion Epithelial Membrane Scaffolds Transfer Corneal Epithelial Layers in Reconstruction Surgery.,"Plants and their extracts have been used especially in China for more than ten centuries for preventing and treating disease. However, there are only few reports describing their use in animal cell culture and tissue transplantation. In this study, onion epithelial membranes (OEM) is used as scaffolds to support cultures of a variety of cells such as fibroblasts and epithelial cells notably; they maintain the phenotypic characteristics of corneal epithelial cells. This improvement includes preservation of the proliferative potential and stemness of rabbit corneal epithelial cells (RCECs). Such an outcome suggests that this cost-effective technology warrants further evaluation to determine if OEM is a viable candidate for use as scaffolds in corneal epithelial transplantation surgery. To test this possibility, rabbit corneal epithelial cells expanded on OEM are transplanted to treat corneal epithelial defects in limbal stem cell deficient rabbits. This procedure is successful because it shortens the time required for wound healing to restore losses in corneal epithelial integrity, and forms a more compact and stratified epithelium framework than the untreated group. Ultimately, should they be proven to be effective in other relevant animal model systems, their usefulness for treating wounds in a clinical setting warrants consideration.",2020,Advanced healthcare materials,10.1002/adhm.202000469,A3_epithelium_limbus,1,Include,,epithelium_limbus,Medium,"Corrected include: title/abstract indicates corneal tissue engineering, biomaterial/scaffold, engineered construct, decellularized matrix, cell sheet, stem-cell construct, or regeneration/reconstruction relevance.",4,scaffold; membrane; construct; corneal epithelial; limbal; limbal stem; wound healing; rabbit; rat; transplantation,Add to core candidate,Add to epithelium/limbus core,Clear epithelial/limbal tissue-engineering scaffold/carrier/cell-sheet signal with reconstruction or regeneration relevance.,4,scaffold/carrier/material present; translational or in vivo evidence,Supporting epithelium/limbus record
PUBMED_0323,32806330,Epithelial basement membrane of human decellularized cornea as a suitable substrate for differentiation of embryonic stem cells into corneal epithelial-like cells.,"The ability to decellularize and recellularize the corneas deemed unsuitable for transplantation may increase the number of available grafts. Decellularized corneas (DCs) may provide a natural microenvironment for cell adhesion and differentiation. Despite this, no study to date has evaluated their efficacy as a substrate for the induction of stem cell differentiation into corneal cells. The present study aimed to compare the efficiency of NaCl and NaCl plus nucleases methods to decellularize whole human corneas, and to investigate the effect of epithelial basement membrane (EBM) of whole DCs on the ability of human embryonic stem cells (hESCs) to differentiate into corneal epithelial-like cells when cultured in animal serum-free differentiation medium. As laminin is the major component of EBM, we also investigated its effect on hESCs differentiation. The decellularization efficiency and integrity of the extracellular matrix (ECM) obtained were investigated by histology, electron microscopy, DNA quantification, immunofluorescence, and nuclear staining. The ability of hESCs to differentiate into corneal epithelial-like cells when seeded on the EBM of DCs or laminin-coated wells was evaluated by immunofluorescence and RT-qPCR analyses. NaCl treatment alone, without nucleases, was insufficient to remove cellular components, while NaCl plus nucleases treatment resulted in efficient decellularization and preservation of the ECM. Unlike cells induced to differentiate on laminin, hESCs differentiated on DCs expressed high levels of corneal epithelial-specific markers, keratin 3 and keratin 12. It was demonstrated for the first time that the decellularized matrices had a positive effect on the differentiation of hESCs towards corneal epithelial-like cells. Such a strategy supports the potential applications of human DCs and hESCs in corneal epithelium tissue engineering.",2020,"Materials science & engineering. C, Materials for biological applications",10.1016/j.msec.2020.111215,A3_epithelium_limbus,1,Include,,epithelium_limbus,Medium,"Corrected include: title/abstract indicates corneal tissue engineering, biomaterial/scaffold, engineered construct, decellularized matrix, cell sheet, stem-cell construct, or regeneration/reconstruction relevance.",3,substrate; membrane; decellularized; corneal epithelial; corneal epithelium; rat; transplantation,Add to core candidate,Add to epithelium/limbus core,Clear epithelial/limbal tissue-engineering scaffold/carrier/cell-sheet signal with reconstruction or regeneration relevance.,4,scaffold/carrier/material present; translational or in vivo evidence,Supporting epithelium/limbus record
PUBMED_0345,33033763,Collagen-based scaffolds with infused anti-VEGF release system as potential cornea substitute for high-risk keratoplasty: A preliminary in vitro evaluation.,"Currently the only widely accepted corneal blindness treatment is human donor cornea transplantation. However, increasing shortage of donor corneas as well as high risk of rejection in some corneal diseases remain two major problems, which limit the success of corneal transplantation. Corneal neovascularization is considered as one of the main risk factors of graft failure. Different cell-free biosynthetic scaffolds fabricated from collagens or collagen-like peptides are being tested as donor cornea substitutes (DCS). Here, we report for the first-time composite biosynthetic DCS with integrated sustained release system of anti-VEGF drug, bevacizumab and their preliminary in vitro validation. We have tethered gold nanoparticles with bevacizumab and integrated into a collagen-based cell-free hydrogel scaffold. Developed grafts preserved good optical properties and were confirmed not toxic to human corneal epithelial cells. Bevacizumab has been shown to constantly releasing from the DCS up to 3 weeks and preserved its anti-angiogenic properties. These results provide background for further use of infused composite biosynthetic DCS with integrated nanosystem of bevacizumab sustained release in corneal disease accompanied by neovascularisation where conventional corneal transplantation might fail.",2020,Heliyon,10.1016/j.heliyon.2020.e05105,A3_epithelium_limbus,1,Include,,epithelium_limbus,Medium,"Corrected include: title/abstract indicates corneal tissue engineering, biomaterial/scaffold, engineered construct, decellularized matrix, cell sheet, stem-cell construct, or regeneration/reconstruction relevance.",3,scaffold; hydrogel; collagen; corneal epithelial; epithelial cell; rat; transplantation; keratoplasty,Add to core candidate,Add to epithelium/limbus core,Clear epithelial/limbal tissue-engineering scaffold/carrier/cell-sheet signal with reconstruction or regeneration relevance.,4,scaffold/carrier/material present; translational or in vivo evidence,Supporting epithelium/limbus record
PUBMED_0358,33205604,Opening the Soul Window Manually: Limbal Tissue Scaffolds with Electrospun Polycaprolactone/Gelatin Nanocomposites.,"Restricted by the difficulty in fabricating scaffolds suitable for cell proliferation, the use of ex vivo expanded limbal stem cell (LSC) for LSC transplantation, an effective treatment method for patients with limb stem cell deficiency (LSCD), is hard to be widely used in clinical practice. To tackle these challenges, a novel electrospun polycaprolactone (PCL)/gelatin nanocomposite is proposed to make 3D scaffolds for limbal niche cells (LNC) proliferation in vitro, which is a milestone in the treatment of diseases such as LSCD. PCL and gelatin in different weight ratios are dissolved in a mixed solvent, and then electrospinning and cross-linking are performed to prepare a scaffold for cell proliferation. The characterizations of the nanocomposites indicate that the gelatin content has a significant effect on its micro-morphology, thermal properties, crystallinity, degradation temperature, hydrophilicity, and mechanical properties. P8G2-C (PCL: gelatin = 80: 20, cross-linked), with smooth fibers and homogeneous pores, has better hydrophilicity, mechanical properties, and flexibility, so it can support LNC as cell proliferation assays revealed. This detailed investigation presented here demonstrates the feasibility of using PCL/gelatin nanocomposites electrospun fiber membranes as a limbus tissue engineering scaffold, which undoubtedly provide a new perspective for the development of tissue engineering field.",2021,Macromolecular bioscience,10.1002/mabi.202000300,A3_epithelium_limbus,1,Include,,epithelium_limbus,Medium,"Corrected include: title/abstract indicates corneal tissue engineering, biomaterial/scaffold, engineered construct, decellularized matrix, cell sheet, stem-cell construct, or regeneration/reconstruction relevance.",3,scaffold; membrane; limbal; limbal stem; lsc; rat; ex vivo; transplantation,Add to core candidate,Add to epithelium/limbus core,Clear epithelial/limbal tissue-engineering scaffold/carrier/cell-sheet signal with reconstruction or regeneration relevance.,4,scaffold/carrier/material present; translational or in vivo evidence,Supporting epithelium/limbus record
PUBMED_0507,35006734,Tuning Electrospun Substrate Stiffness for the Fabrication of a Biomimetic Amniotic Membrane Substitute for Corneal Healing.,"Corneal blindness is the fourth most common cause of vision impairment worldwide with a high incidence in global south countries. A recently developed surgical technique for treating corneal blindness is simple limbal epithelial transplantation (SLET), which uses small pieces of healthy limbal tissue (limbal explants) delivered to the damaged eye using the human amniotic membrane (AM) as a carrier. SLET relies on the use of tissue banks for the AM that reduces the availability of the technique. Replacing the AM with a synthetic membrane is key to making SLET more accessible to those who need it. Previous research has demonstrated the suitability of electrospun poly(lactide-co-glycolide) (PLGA) scaffolds as AM substitutes, and here, we report how these membranes can be tailored to mimic fundamental AM mechanical properties. To modify the stiffness of PLGA electrospun membranes, we explored different electrospinning solvent systems (1,1,1,3,3,3,-hexafluoroisopropanol (HFIP), dichloromethane (DCM), chloroform, and N,N-dimethylformamide (DMF)) and the use of plasticizers (PEG(400) and glycerol). PEG(400) was found to reduce stiffness from 60 MPa to around 4 MPa, approaching the values shown by the native AM. The biocompatibility of membranes with and without PEG(400) was found to be comparable, and cell outgrowth from rabbit/porcine explants was successfully observed on the materials after 3 weeks. This research underpins the manufacture of next-generation fibrous biomimetic membranes that will ultimately be used as amniotic membrane substitutes for biomedical applications including SLET.",2021,ACS applied bio materials,10.1021/acsabm.1c00436,A3_epithelium_limbus,1,Include,,epithelium_limbus,Medium,"Corrected include: title/abstract indicates corneal tissue engineering, biomaterial/scaffold, engineered construct, decellularized matrix, cell sheet, stem-cell construct, or regeneration/reconstruction relevance.",3,scaffold; carrier; substrate; limbal; rabbit; rat; porcine,Add to core candidate,Add to epithelium/limbus core,Clear epithelial/limbal tissue-engineering scaffold/carrier/cell-sheet signal with reconstruction or regeneration relevance.,4,scaffold/carrier/material present; translational or in vivo evidence,Supporting epithelium/limbus record
PUBMED_0593,36190075,A novel biodegradable polymer scaffold for in vitro growth of corneal epithelial cells.,"The shortage of donor corneal tissue worldwide has led to extensive research for alternate corneal equivalents utilizing tissue engineering methods. We conducted experiments using Poly D, L lactic acid polymer along with a copolymer (Eudragit) in varying concentrations to create a biodegradable scaffold suitable for in vitro growth of corneal epithelial stem cells. It was found that stable, spherical, and porous microparticles can be prepared by combining PDLLA and Eudragit RL100 polymers in the ratio of 90:10 and 70:30. The microparticles can then be fused to form scaffold membranes with porous architecture and good water retention capacity at room temperature using methanol, which can withstand handling during transplantation procedures. The scaffolds made using a 70:30 ratio were found to be suitable for the promotion of growth of laboratory corneal epithelial stem cell lines (SIRC cell lines). This innovation can pave way for further developments in corneal stem cell research and growth, thus providing for viable laboratory-derived corneal substitutes.",2022,Indian journal of ophthalmology,10.4103/ijo.IJO_210_22,A3_epithelium_limbus,1,Include,,epithelium_limbus,Medium,"Corrected include: title/abstract indicates corneal tissue engineering, biomaterial/scaffold, engineered construct, decellularized matrix, cell sheet, stem-cell construct, or regeneration/reconstruction relevance.",3,scaffold; membrane; corneal epithelial; epithelial cell; rat; transplantation,Add to core candidate,Add to epithelium/limbus core,Clear epithelial/limbal tissue-engineering scaffold/carrier/cell-sheet signal with reconstruction or regeneration relevance.,4,scaffold/carrier/material present; translational or in vivo evidence,Supporting epithelium/limbus record
PUBMED_0633,36775872,Biomimetic Convex Implant for Corneal Regeneration Through 3D Printing.,"Blindness caused by corneal damage affects millions of people worldwide, and this number continues to rise. However, rapid epithelization and a stable epithelium process are the two biggest challenges for traditional corneal materials. These processes are related to corneal curvature, which is an important factor in determination of the corneal healing process and epithelial behavior during corneal damage. In this study, smooth 3D-printed convex corneal implants based on gelatin methacrylate and collagen are generated. As epithelium distribution and adhesion vary in different regions of the natural cornea, this work separates the surfaces into four regions and studies how cells sense topological cues on curvature. It is found that rabbit corneal epithelial cells (RCECs) seeded on steeper slope gradient surfaces on convex structures result in more aligned cell organization and tighter cell-substrate adhesion, which can also be verified through finite element simulation and signaling pathway analysis. In vivo transplantation of convex implants result in a better fit with adjacent tissue and stronger cell adhesion than flat implants, thereby accelerating corneal epithelialization and promoting collagen fibers and neural regeneration within 180 days. Taken together, printed convex corneal implants that facilitate corneal regeneration may offer a translational strategy for the treatment of corneal damage.",2023,"Advanced science (Weinheim, Baden-Wurttemberg, Germany)",10.1002/advs.202205878,D3_full_thickness_multilayer,1,Include,,epithelium_limbus,Medium,"Corrected include: title/abstract indicates corneal tissue engineering, biomaterial/scaffold, engineered construct, decellularized matrix, cell sheet, stem-cell construct, or regeneration/reconstruction relevance.",3,substrate; collagen; corneal epithelial; epithelial cell; rabbit; rat; in vivo,Add to core candidate,Add to epithelium/limbus core,Clear epithelial/limbal tissue-engineering scaffold/carrier/cell-sheet signal with reconstruction or regeneration relevance.,4,scaffold/carrier/material present; translational or in vivo evidence,Supporting epithelium/limbus record
PUBMED_0685,37435912,"An Injectable, Shape-Retaining Collagen Hydrogel Cross-linked Using Thiol-Maleimide Click Chemistry for Sealing Corneal Perforations.","Injectable hydrogels show great promise in developing novel regenerative medicine solutions and present advantages for minimally invasive applications. Hydrogels based on extracellular matrix components, such as collagen, have the benefits of cell adhesiveness, biocompatibility, and degradability by enzymes. However, to date, reported collagen hydrogels possess severe shortcomings, such as nonbiocompatible cross-linking chemistry, significant swelling, limited range of mechanical properties, or gelation kinetics unsuitable for in vivo injection. To solve these issues, we report the design and characterization of an injectable collagen hydrogel based on covalently modified acetyl thiol collagen cross-linked using thiol-maleimide click chemistry. The hydrogel is injectable for up to 72 h after preparation, shows no noticeable swelling, is transparent, can be molded in situ, and retains its shape in solution for at least one year. Notably, the hydrogel mechanical properties can be fine-tuned by simply adjusting the reactant stoichiometries, which to date was only reported for synthetic polymer hydrogels. The biocompatibility of the hydrogel is demonstrated in vitro using human corneal epithelial cells, which maintain viability and proliferation on the hydrogels for at least seven days. Furthermore, the developed hydrogel showed an adhesion strength on soft tissues similar to fibrin glue. Additionally, the developed hydrogel can be used as a sealant for repairing corneal perforations and can potentially alleviate the off-label use of cyanoacrylate tissue adhesive for repairing corneal perforations. Taken together, these characteristics show the potential of the thiol collagen hydrogel for future use as a prefabricated implant, injectable filler, or as sealant for corneal repair and regeneration.",2023,ACS applied materials & interfaces,10.1021/acsami.3c03963,A3_epithelium_limbus,1,Include,,epithelium_limbus,Medium,"Corrected include: title/abstract indicates corneal tissue engineering, biomaterial/scaffold, engineered construct, decellularized matrix, cell sheet, stem-cell construct, or regeneration/reconstruction relevance.",3,hydrogel; collagen; corneal epithelial; epithelial cell; rat; in vivo,Add to core candidate,Add to epithelium/limbus core,Clear epithelial/limbal tissue-engineering scaffold/carrier/cell-sheet signal with reconstruction or regeneration relevance.,4,scaffold/carrier/material present; translational or in vivo evidence,Supporting epithelium/limbus record
PUBMED_0696,37511012,Preparation and Characterization of a Photo-Crosslinked Methacryloyl-Collagen Composite Film to Promote Corneal Nerve Regeneration via Surface Grafting of Taurine Molecules.,"Blindness is frequently caused by corneal abnormalities, and corneal transplantation is the most effective treatment method. It is extremely important to develop high-quality artificial corneas because there are not enough donor corneas accessible for cornea transplantation. One of the most-often utilized materials is collagen, which is the primary component of natural cornea. Collagen-based corneal repair materials have good physicochemical properties and excellent biocompatibility, but how to promote the regeneration of the corneal nerve after keratoplasty is still a big challenge. In this research, in order to promote the growth of nerve cells on a collagen (Col) substrate, a novel collagen-based material was synthesized starting from the functionalization of collagen with unsaturated methacryloyl groups that three-dimensionally photopolymerize to a 3D network of chemically crosslinked collagen (ColMA), onto which taurine molecules were eventually grafted (ColMA-Tr). The physicochemical properties and biocompatibility of the Col, ColMA and ColMA-Tr films were evaluated. By analyzing the results, we found that all the three samples had good moisture retention and aq high covalent attachment of methacryloyl groups followed by their photopolymerization improved the mechanical properties of the ColMA and ColMA-Tr. Most importantly, compared with ColMA, the taurine-modified collagen-MA film significantly promoted the growth of nerve cells and corneal epithelial cells on its surface. Our preliminary results suggest that this novel ColMA-Tr film may have potential use in cornea tissue engineering in the future.",2023,International journal of molecular sciences,10.3390/ijms241411248,A3_epithelium_limbus,1,Include,,epithelium_limbus,Medium,"Corrected include: title/abstract indicates corneal tissue engineering, biomaterial/scaffold, engineered construct, decellularized matrix, cell sheet, stem-cell construct, or regeneration/reconstruction relevance.",3,substrate; film; collagen; corneal epithelial; epithelial cell; rat; transplantation; keratoplasty,Add to core candidate,Add to epithelium/limbus core,Clear epithelial/limbal tissue-engineering scaffold/carrier/cell-sheet signal with reconstruction or regeneration relevance.,4,scaffold/carrier/material present; translational or in vivo evidence,Supporting epithelium/limbus record
PUBMED_0789,38960253,An injectable hydrogel based on sodium alginate and gelatin treats bacterial keratitis through multimodal antibacterial strategy.,"Bacterial keratitis is among the most prevalent causes of blindness. Currently, the abuse of antibiotics in clinical settings not only lacks bactericidal effects but also readily induces bacterial resistance, making the clinical treatment of bacterial keratitis a significant challenge. In this study, we present an injectable hydrogel (GS-PNH-FF@CuS/MnS) containing self-assembled diphenylalanine dipeptide (FF) and CuS/MnS nanocomposites (CuS/MnS NCs) that destroy bacterial cell walls through a synergistic combination of mild photothermal therapy (PTT), chemodynamic therapy (CDT), ion release chemotherapy, and self-assembled dipeptide contact, thereby eliminating Pseudomonas aeruginosa. Under 808 nm laser irradiation, the bactericidal efficiency of GS-PNH-FF@CuS/MnS hydrogel against P. aeruginosa in vitro reach up to 96.97 %. Furthermore, GS-PNH-FF@CuS/MnS hydrogel is applied topically to kill bacteria, reduce inflammation, and promote wound healing. Hematoxylin-eosin (H&E) staining, Masson staining, immunohistochemistry and immunofluorescence staining are used to evaluate the therapeutic effect on infected rabbit cornea models in vivo. The GS-PNH-FF@CuS/MnS demonstrate good biocompatibility with human corneal epithelial cells and exhibit no obvious eyes side effects. In conclusion, the GS-PNH-FF@CuS/MnS hydrogel in this study provides an effective and safe treatment strategy for bacterial keratitis through a multimodal approach.",2024,International journal of biological macromolecules,10.1016/j.ijbiomac.2024.133595,A3_epithelium_limbus,1,Include,,epithelium_limbus,Medium,"Corrected include: title/abstract indicates corneal tissue engineering, biomaterial/scaffold, engineered construct, decellularized matrix, cell sheet, stem-cell construct, or regeneration/reconstruction relevance.",4,hydrogel; corneal epithelial; epithelial cell; wound healing; rabbit; rat; in vivo,Add to core candidate,Add to epithelium/limbus core,Clear epithelial/limbal tissue-engineering scaffold/carrier/cell-sheet signal with reconstruction or regeneration relevance.,4,scaffold/carrier/material present; translational or in vivo evidence,Supporting epithelium/limbus record
PUBMED_0931,40436750,Evaluation of mesenchymal stem cells as feeder cells for the cultivation of corneal epithelial cell sheets in dogs.,"Corneal epithelial cell sheet transplantation is a promising therapy for reconstructing the ocular surface in canines with severe corneal disease. Cultivation of these sheets typically requires feeder cells that support the proliferation and maintenance of immature epithelial cells by secreting growth factors. However, using conventional murine 3T3 fibroblasts as feeder cells raises ethical and safety concerns. This study investigated canine adipose-derived mesenchymal stem cells (cADMSCs) and bone marrow mesenchymal stem cells (cBMMSCs) as alternative feeder cells. Both MSCs were cultured alone or with canine corneal epithelial cells. Changes in epidermal growth factor, keratinocyte growth factor, and hepatocyte growth factor (HGF) expression in both MSC types were evaluated by quantitative polymerase chain reaction. HGF expression was further assessed by western blot and enzyme-linked immunosorbent assay. Canine corneal epithelial cell sheets were cultivated with cADMSCs, cBMMSCs, or 3T3 fibroblasts, or without feeder cells, and their structure and quality were evaluated histopathologically. Results showed that cADMSCs and cBMMSCs originally expressed soluble factors, and HGF mRNA expression significantly upregulated when co-cultured with epithelial cells. However, no significant differences in sheet structure or quality were observed among feeder types. In conclusion, cADMSCs and cBMMSCs are viable alternatives to 3T3 fibroblasts for cultivating canine corneal epithelial cell sheets. Canine corneal epithelial cells interact with MSCs and promote the secretion of soluble factors from MSCs to promote epithelial cell growth. Moreover, canine corneal epithelial cells may maintain their proliferative capacity and immature state independent of feeder cells.",2025,The Journal of veterinary medical science,10.1292/jvms.24-0532,A3_epithelium_limbus,1,Include,,epithelium_limbus,Medium,"Corrected include: title/abstract indicates corneal tissue engineering, biomaterial/scaffold, engineered construct, decellularized matrix, cell sheet, stem-cell construct, or regeneration/reconstruction relevance.",3,sheet; construct; corneal epithelial; ocular surface; epithelial cell; rat; transplantation,Add to core candidate,Add to epithelium/limbus core,Clear epithelial/limbal tissue-engineering scaffold/carrier/cell-sheet signal with reconstruction or regeneration relevance.,4,cell-sheet/cultivated epithelial construct present; translational or in vivo evidence,Supporting epithelium/limbus record
PUBMED_0239,31937546,Use of four-layer porcine small intestinal submucosa alone as a scaffold for the treatment of deep corneal defects in dogs and cats: preliminary results.,"BACKGROUND: To describe the efficacy of four-layer porcine small intestinal submucosa (Vetrix BioSIS plus+) as single scaffold for the treatment of deep corneal lesions in dogs and cats. METHODS: 10 dogs and 3 cats with deep or full thickness corneal defects were treated surgically with BioSIS plus graft. Corneal transparency scores and vision were evaluated. RESULTS: Lesions in dogs were four perforations, three descemetoceles, two limbal melanocytomas and one deep corneal ulcer. In cats, there were one limbal melanocytoma and two perforations. The average length of the follow-up was 86 days. In all, 12 out of 13 eyes treated were visual at last recheck (92.3 per cent). The scars were mild eight cases (66.7 per cent), but denser in four cases (33.4 per cent). Complication were partial collagenolysis in three cases (25 per cent), which resolved with medical therapy, mild corneal pigmentation in one case (8.4 per cent) and anterior synechia in one case (8.4 per cent). One case experienced severe collagenolysis and was enucleated 21 days postoperatively. CONCLUSIONS: Four-layer porcine SIS graft was successfully used for surgical treatment of deep corneal lesions in selected corneal diseases in a small series of dogs and cats, with good results in terms of mechanic support and corneal transparency.",2020,The Veterinary record,10.1136/vr.105513,D3_full_thickness_multilayer,1,Include,,epithelium_limbus,Medium,"Corrected include: title/abstract indicates corneal tissue engineering, biomaterial/scaffold, engineered construct, decellularized matrix, cell sheet, stem-cell construct, or regeneration/reconstruction relevance.",4,scaffold; collagen; limbal; transparency; rat; porcine,Add to core candidate,Add to epithelium/limbus core,Clear epithelial/limbal tissue-engineering scaffold/carrier/cell-sheet signal with reconstruction or regeneration relevance.,3,scaffold/carrier/material present; extractable benchmark markers likely,Supporting epithelium/limbus record
PUBMED_0412,33807473,Cytocompatibility and Suitability of Protein-Based Biomaterials as Potential Candidates for Corneal Tissue Engineering.,"The vision impairments suffered by millions of people worldwide and the shortage of corneal donors show the need of substitutes that mimic native tissue to promote cell growth and subsequent tissue regeneration. The current study focused on the in vitro assessment of protein-based biomaterials that could be a potential source for corneal scaffolds. Collagen, soy protein isolate (SPI), and gelatin films cross-linked with lactose or citric acid were prepared and physicochemical, transmittance, and degradation measurements were carried out. In vitro cytotoxicity, cell adhesion, and migration studies were performed with human corneal epithelial (HCE) cells and 3T3 fibroblasts for the films' cytocompatibility assessment. Transmittance values met the cornea's needs, and the degradation profile revealed a progressive biomaterials' decomposition in enzymatic and hydrolytic assays. Cell viability at 72 h was above 70% when exposed to SPI and gelatin films. Live/dead assays and scanning electron microscopy (SEM) analysis demonstrated the adhesion of both cell types to the films, with a similar arrangement to that observed in controls. Besides, both cell lines were able to proliferate and migrate over the films. Without ruling out any material, the appropriate optical and biological properties shown by lactose-crosslinked gelatin film highlight its potential for corneal bioengineering.",2021,International journal of molecular sciences,10.3390/ijms22073648,A3_epithelium_limbus,1,Include,,epithelium_limbus,Medium,"Corrected include: title/abstract indicates corneal tissue engineering, biomaterial/scaffold, engineered construct, decellularized matrix, cell sheet, stem-cell construct, or regeneration/reconstruction relevance.",4,scaffold; film; collagen; corneal epithelial; cell viability; migration; rat,Add to core candidate,Add to epithelium/limbus core,Clear epithelial/limbal tissue-engineering scaffold/carrier/cell-sheet signal with reconstruction or regeneration relevance.,3,scaffold/carrier/material present; extractable benchmark markers likely,Supporting epithelium/limbus record
PUBMED_0437,34149247,Silk Film Stiffness Modulates Corneal Epithelial Cell Mechanosignaling.,"Silk fibroin films are excellent candidate biomaterials for corneal tissue engineering due to their optical transparency, biocompatibility, and mechanical strength. Their tunable chemical and mechanical properties open the possibility of engineering cellular microenvironments that can both mimic native corneal tissue and provide stimuli to actively promote wound regeneration. While silk film mechanical properties, such as surface topography, have demonstrated the ability to control corneal epithelial cell wound regenerating behavior, few studies have explored the stiffness tunability of these films and its cellular effects. Cells are known actively sense the stiffness of their surroundings and processes such as cell adhesion, migration, proliferation, and expression of stem markers can be strongly influenced by matrix stiffness. This study develops technical solutions that allow for both the fabrication of films with stiffnesses similar to corneal tissue and also for their characterization in an aqueous, native-like environment at a scale relevant to cellular forces. Physiological evidence demonstrates that corneal epithelial cells are mechanosensitive to films of different stiffnesses and show that cell spreading, cytoskeletal tension, and molecular mechanotransducer localization are associated with film stiffness. These results indicate that silk film stiffness can be used to regulate cell behavior for the purposes of ocular surface repair.",2021,Macromolecular chemistry and physics,10.1002/macp.202170013,A3_epithelium_limbus,1,Include,,epithelium_limbus,Medium,"Corrected include: title/abstract indicates corneal tissue engineering, biomaterial/scaffold, engineered construct, decellularized matrix, cell sheet, stem-cell construct, or regeneration/reconstruction relevance.",4,film; corneal epithelial; ocular surface; epithelial cell; transparency; migration; rat,Add to core candidate,Add to epithelium/limbus core,Clear epithelial/limbal tissue-engineering scaffold/carrier/cell-sheet signal with reconstruction or regeneration relevance.,3,scaffold/carrier/material present; extractable benchmark markers likely,Supporting epithelium/limbus record
PUBMED_0132,30719240,Exosomes derived from clinical-grade oral mucosal epithelial cell sheets promote wound healing.,"The oral mucosa exhibits unique regenerative properties, sometimes referred to as foetal-like wound healing. Researchers from our institute have used sheets of oral mucosa epithelial cells (OMECs) for regenerative medicine applications including cornea replacement and oesophageal epithelial regeneration for stricture prevention. Here, we have isolated exosomes from clinical-grade production of OMEC sheets from healthy human donors (n = 8), aiming to evaluate the clinical potential of the exosomes to stimulate epithelial regeneration and to improve understanding of the mode-of-action of the cells. Exosomes were isolated from conditioned (cExo) and non-conditioned (ncExo) media. Characterization was performed using Western blot for common exosomal-markers: CD9 and flotillin were positive while annexin V, EpCam and contaminating marker GRP94 were negative. Nanoparticle tracking analysis revealed a diameter of ~120 nm and transmission electron microscopy showed a corresponding size and spherical appearance. Human skin fibroblasts exposed to exosomes showed dose-dependent reduction of proliferation and a considerable increase of growth factor gene expression (HGF, VEGFA, FGF2 and CTGF). The results were similar for both groups, but with a trend towards a larger effect from cExo. To study adhesion, fluorescently labelled exosomes were topically applied to pig oesophageal wound-beds ex vivo and subsequently washed. Positive signal could be detected after as little as 1 min of adhesion, but increased adhesion time produced a stronger signal. Next, labelled exosomes were added to full-thickness skin wounds in rats and signal was detected up to 5 days after application. cExo significantly reduced the wound size at days 6 and 17. In conclusion, exosomes from OMEC sheets showed pro-regenerative effects on skin wound healing. This is the first time that the healing capacity of the oral mucosa is studied from an exosome perspective. These findings might lead to a combinational therapy of cell sheets and exosomes for future patients with early oesophageal cancer.",2019,Journal of extracellular vesicles,10.1080/20013078.2019.1565264,A3_epithelium_limbus,1,Include,,epithelium_limbus,Medium,"Corrected include: title/abstract indicates corneal tissue engineering, biomaterial/scaffold, engineered construct, decellularized matrix, cell sheet, stem-cell construct, or regeneration/reconstruction relevance.",4,sheet; epithelial cell; epithelial regeneration; wound healing; rat; ex vivo; clinical,Add to core candidate,Add to epithelium/limbus core,Clear epithelial/limbal tissue-engineering scaffold/carrier/cell-sheet signal with reconstruction or regeneration relevance.,2,cell-sheet/cultivated epithelial construct present,Supporting epithelium/limbus record
PUBMED_0673,37282673,26 Development of human amniotic membrane products for regenerative medicine applications.,"INTRODUCTION: Human amniotic membrane (HAM) has important biological properties that make this tissue an ideal substrate for regenerative medicine applications, including treatment of ocular diseases and wound healing. NHSBT can successfully decellularise HAM for promoting enhancement of limbal stem cell expansion in vitro more efficiently than the cellular HAM.(1) In this study we present new formulations of decellularised HAM as freeze-dried powder and derived natural hydrogel. The aim was to develop a variety of GMP-compliant allografts to treat ocular diseases. MATERIALS AND METHODS: Six HAM, obtained from elective caesarian deliveries, were dissected, decontaminated and subjected to an in-house developed decellularisation protocol including a mild SDS concentration as detergent and nuclease steps. Following decellularisation, the tissue was placed in a sterile tissue culture flask and freeze dried. The freeze-dried tissue was cut into pieces of ~1g each, dipped into liquid nitrogen, then ground with a pulverisette. Ground tissue was solubilised using porcine pepsin and 0.1M HCl (stirred for 48 hours, 25oC). At the end of solubilisation, the pre-gel solution was kept on ice to adjust the pH back to 7.4. Gelation was induced when the temperature of the solution was increased to 25oC and aliquots were used for both in vitro cytotoxicity (up to 48 hours) and biocompatibility (up to 7 days) testing (MG63 and HAM cells). Cells were added into the solution before gelling and on top after gelling. RESULTS: The pre-gel solution obtained from decellularised HAM appear homogenous without undigested powder, and it was able to gel within 20 minutes at RT. Gels with a concentration of 4-8mg/mL tissue powder retained shape (including in an aqueous environment). When added on top of gels, cells were observed to attach and proliferate over time. When added into gels, the cells were observed throughout the gels and appeared to be migrating through the gel. CONCLUSION: Acellular HAM can be successfully freeze dried and converted into new formulations for topical application (powder and hydrogel). The new formulations could improve HAM delivery and provide a better scaffold for tissue regeneration. To our knowledge, this is the first time an amnion hydrogel formulation has been developed in GMP compliant setting for tissue banking purpose. Further studies will also investigate the ability of amnion hydrogel to promote stem cells differentiation into the three lineages (adipogenic, chondrogenic, osteogenic) in and/or on the gels. REFERENCES: Figueiredo GS et al. Acta Biomater 2017;61, 124-133.",2022,BMJ open ophthalmology,10.1136/bmjophth-2022-EEBA.26,A3_epithelium_limbus,1,Include,,epithelium_limbus,Medium,"Corrected include: title/abstract indicates corneal tissue engineering, biomaterial/scaffold, engineered construct, decellularized matrix, cell sheet, stem-cell construct, or regeneration/reconstruction relevance.",4,scaffold; substrate; membrane; limbal; limbal stem; wound healing; rat; porcine,Add to core candidate,Add to epithelium/limbus core,Clear epithelial/limbal tissue-engineering scaffold/carrier/cell-sheet signal with reconstruction or regeneration relevance.,2,scaffold/carrier/material present,Supporting epithelium/limbus record
PUBMED_0705,37669162,Protocol for isolating human BCAM-positive corneal progenitor cells by flow cytometry and cell sorting.,"BCAM-positive basal limbal epithelial cells are an early transit-amplifying cell population (TAC) capable of holoclone formation and corneal epithelial differentiation. Here, we present a protocol for isolating BCAM-positive cells from human donor corneas by flow cytometry and cell sorting. We describe steps for cell dissection and dissociation, antibody staining, and flow cytometry. We then detail procedures for culturing the purified BCAM-positive and BCAM-negative cells for holoclone and cell sheet formation assays to study the factors that regulate corneal regeneration. For complete details on the use and execution of this protocol, please refer to Sasamoto et al.(1).",2023,STAR protocols,10.1016/j.xpro.2023.102503,A3_epithelium_limbus,1,Include,,epithelium_limbus,Medium,"Corrected include: title/abstract indicates corneal tissue engineering, biomaterial/scaffold, engineered construct, decellularized matrix, cell sheet, stem-cell construct, or regeneration/reconstruction relevance.",3,sheet; corneal epithelial; limbal; epithelial cell; rat,Add to core candidate,Add to epithelium/limbus core,Clear epithelial/limbal tissue-engineering scaffold/carrier/cell-sheet signal with reconstruction or regeneration relevance.,2,cell-sheet/cultivated epithelial construct present,Supporting epithelium/limbus record
PUBMED_1064,41886813,Wet-stable PLGA-PCL electrospun membranes as synthetic scaffolds for corneal applications.,"Corneal impairment is the fourth leading cause of blindness worldwide. Current therapies often use biodegradable amniotic membranes (AMs) to assist in transferring limbal stem cells or explants to the cornea. Surgeons have extensive experience with these, but they are human biological tissue and must be sourced and used under tissue bank conditions to reduce the risk of disease transmission. Thus, accessibility and safety remain concerns in their use. Accordingly, the development of synthetic scaffolds to support limbal tissue outgrowth is an attractive, reproducible and accessible alternative. This group has made good progress towards this membrane design using a Polylactide-co-Glycolide (PLGA) electrospun membrane but has identified problems with handling and integrity of the membrane once wet. Our aim, therefore, is to improve the integrity and pliability of these cell delivery membranes in wet environments without compromising their ability to act as cell carriers for corneal regeneration. Electrospun scaffolds with different mechanical properties were manufactured by blending different concentrations of PLGA and Polycaprolactone (PCL). All the manufactured membranes supported cell outgrowth when tested with porcine and human limbal explants. Scaffolds were characterised under dry and wet conditions using scanning electron microscopy and uniaxial tensile testing. Blends with a relatively high proportion of PCL (30%) were able to maintain their mechanical properties under both dry and wet conditions and were flexible in handling. This study demonstrates that PLGA-PCL electrospun membranes with 30% PCL content retain good mechanical properties in a wet environment, making them easy to handle while retaining the ability to support limbal tissue attachment and cell outgrowth. This makes them a viable synthetic alternative to the AM.",2026,"Biomedical materials (Bristol, England)",10.1088/1748-605X/ae57f1,A3_epithelium_limbus,1,Include,,epithelium_limbus,Medium,"Corrected include: title/abstract indicates corneal tissue engineering, biomaterial/scaffold, engineered construct, decellularized matrix, cell sheet, stem-cell construct, or regeneration/reconstruction relevance.",3,scaffold; carrier; membrane; limbal; limbal stem; rat; porcine,Add to core candidate,Add to epithelium/limbus core,Clear epithelial/limbal tissue-engineering scaffold/carrier/cell-sheet signal with reconstruction or regeneration relevance.,2,scaffold/carrier/material present,Supporting epithelium/limbus record
