screening_id,pmid,title,year,journal,doi,corneal_layer,priority_level,strict_final_status,extraction_status,study_type,target_layer_final,biomaterial_category,specific_materials,fabrication_method,scaffold_architecture,cell_type_used,cell_source,growth_factors_or_bioactive_agents,optical_transparency_reported,optical_metric_details,mechanical_testing_reported,mechanical_metric_details,biological_testing_reported,biological_metric_details,in_vitro_model,ex_vivo_model,animal_model,clinical_evidence,follow_up_duration,main_outcomes,main_limitations,translational_readiness_level,benchmarking_relevance,include_in_final_review,extraction_notes
PUBMED_0008,29024376,"Evaluation of collagen foam, poly(l-lactic acid) nanofiber mesh, and decellularized matrices for corneal regeneration.",2018,"Journal of biomedical materials research. Part B, Applied biomaterials",10.1002/jbm.b.34022,stroma,High,Final core,not_started,,,,,,,,,,,,,,,,,,,,,,,,,,
PUBMED_0013,29128534,Development of gelatin/ascorbic acid cryogels for potential use in corneal stromal tissue engineering.,2018,Acta biomaterialia,10.1016/j.actbio.2017.11.018,stroma,High,Final core,not_started,,,,,,,,,,,,,,,,,,,,,,,,,,
PUBMED_0016,29176452,Collagen-Based Fillers as Alternatives to Cyanoacrylate Glue for the Sealing of Large Corneal Perforations.,2018,Cornea,10.1097/ICO.0000000000001459,stroma,High,Final core,not_started,,,,,,,,,,,,,,,,,,,,,,,,,,
PUBMED_0038,29495264,Engineering of Corneal Tissue through an Aligned PVA/Collagen Composite Nanofibrous Electrospun Scaffold.,2018,"Nanomaterials (Basel, Switzerland)",10.3390/nano8020124,multiple_layers,High,Final core,not_started,,,,,,,,,,,,,,,,,,,,,,,,,,
PUBMED_0045,29620862,Gelatin-Based Photocurable Hydrogels for Corneal Wound Repair.,2018,ACS applied materials & interfaces,10.1021/acsami.7b17054,epithelium_limbus,High,Final core,not_started,,,,,,,,,,,,,,,,,,,,,,,,,,
PUBMED_0049,29637812,Preserving Basement Membranes during Detachment of Cultivated Oral Mucosal Epithelial Cell Sheets for the Treatment of Total Bilateral Limbal Stem Cell Deficiency.,2018,Cell transplantation,10.1177/0963689717741140,multiple_layers,High,Final core,not_started,,,,,,,,,,,,,,,,,,,,,,,,,,
PUBMED_0060,29710848,Biofunctionalized Lysophosphatidic Acid/Silk Fibroin Film for Cornea Endothelial Cell Regeneration.,2018,"Nanomaterials (Basel, Switzerland)",10.3390/nano8050290,endothelium,High,Final core,not_started,,,,,,,,,,,,,,,,,,,,,,,,,,
PUBMED_0069,29883810,Cell-laden and orthogonal-multilayer tissue-engineered corneal stroma induced by a mechanical collagen microenvironment and transplantation in a rabbit model.,2018,Acta biomaterialia,10.1016/j.actbio.2018.06.005,stroma,High,Keep core - cautious,not_started,,,,,,,,,,,,,,,,,,,,,,,,,,
PUBMED_0073,29978836,Decellularized corneal lenticule embedded compressed collagen: toward a suturable collagenous construct for limbal reconstruction.,2018,Biofabrication,10.1088/1758-5090/aad1a4,multiple_layers,High,Final core,not_started,,,,,,,,,,,,,,,,,,,,,,,,,,
PUBMED_0104,30323996,Universal Corneal Epithelial-Like Cells Derived from Human Embryonic Stem Cells for Cellularization of a Corneal Scaffold.,2018,Translational vision science & technology,10.1167/tvst.7.5.23,epithelium_limbus,High,Final core,not_started,,,,,,,,,,,,,,,,,,,,,,,,,,
PUBMED_0106,30339045,Evaluation of the Suitability of Biocompatible Carriers as Artificial Transplants Using Cultured Porcine Corneal Endothelial Cells.,2019,Current eye research,10.1080/02713683.2018.1536215,stroma,High,Final core,not_started,,,,,,,,,,,,,,,,,,,,,,,,,,
PUBMED_0144,30918800,Construction of a full-thickness human corneal substitute from anterior acellular porcine corneal matrix and human corneal cells.,2019,International journal of ophthalmology,10.18240/ijo.2019.03.01,multiple_layers,High,Final core,not_started,,,,,,,,,,,,,,,,,,,,,,,,,,
PUBMED_0145,30938102,TGF-β1-activated type 2 dendritic cells promote wound healing and induce fibroblasts to express tenascin c following corneal full-thickness hydrogel transplantation.,2019,Journal of tissue engineering and regenerative medicine,10.1002/term.2853,multiple_layers,High,Final core,not_started,,,,,,,,,,,,,,,,,,,,,,,,,,
PUBMED_0151,30989737,Construction of a high cell density human corneal endothelial equivalent and its transplantation in primate models.,2019,Xenotransplantation,10.1111/xen.12514,stroma,High,Keep core,not_started,,,,,,,,,,,,,,,,,,,,,,,,,,
PUBMED_0152,30995622,Shear-induced alignment of collagen fibrils using 3D cell printing for corneal stroma tissue engineering.,2019,Biofabrication,10.1088/1758-5090/ab1a8b,stroma,High,Final core,not_started,,,,,,,,,,,,,,,,,,,,,,,,,,
PUBMED_0175,31349505,Compressed collagen intermixed with cornea-derived decellularized extracellular matrix providing mechanical and biochemical niches for corneal stroma analogue.,2019,"Materials science & engineering. C, Materials for biological applications",10.1016/j.msec.2019.109837,multiple_layers,High,Final core,not_started,,,,,,,,,,,,,,,,,,,,,,,,,,
PUBMED_0177,31373143,Successful development and clinical translation of a novel anterior lamellar artificial cornea.,2019,Journal of tissue engineering and regenerative medicine,10.1002/term.2951,multiple_layers,High,Final core,not_started,,,,,,,,,,,,,,,,,,,,,,,,,,
PUBMED_0195,31507241,Methacrylated gelatin hydrogels as corneal stroma substitutes: in vivo study.,2019,Journal of biomaterials science. Polymer edition,10.1080/09205063.2019.1666236,stroma,High,Final core,not_started,,,,,,,,,,,,,,,,,,,,,,,,,,
PUBMED_0196,31514545,Development and Characterization of an Acellular Porcine Small Intestine Submucosa Scaffold for Use in Corneal Epithelium Tissue Engineering.,2020,Current eye research,10.1080/02713683.2019.1663386,multiple_layers,High,Final core,not_started,,,,,,,,,,,,,,,,,,,,,,,,,,
PUBMED_0201,31539656,Characterizing the impact of 2D and 3D culture conditions on the therapeutic effects of human mesenchymal stem cell secretome on corneal wound healing in vitro and ex vivo.,2019,Acta biomaterialia,10.1016/j.actbio.2019.09.022,multiple_layers,High,Keep core - cautious,not_started,,,,,,,,,,,,,,,,,,,,,,,,,,
PUBMED_0205,31574405,Tissue adhesive hyaluronic acid hydrogels for sutureless stem cell delivery and regeneration of corneal epithelium and stroma.,2019,Biomaterials,10.1016/j.biomaterials.2019.119516,multiple_layers,High,Final core,not_started,,,,,,,,,,,,,,,,,,,,,,,,,,
PUBMED_0219,31692998,Matrix Metalloproteinase-Deactivating Contact Lens for Corneal Melting.,2019,ACS biomaterials science & engineering,10.1021/acsbiomaterials.8b01404,multiple_layers,High,Keep core - cautious,not_started,,,,,,,,,,,,,,,,,,,,,,,,,,
PUBMED_0221,31746842,Cell loaded 3D bioprinted GelMA hydrogels for corneal stroma engineering.,2019,Biomaterials science,10.1039/c9bm01236b,stroma,High,Final core,not_started,,,,,,,,,,,,,,,,,,,,,,,,,,
PUBMED_0224,31751429,Treatment of corneal endothelial damage in a rabbit model with a bioengineered graft using human decellularized corneal lamina and cultured human corneal endothelium.,2019,PloS one,10.1371/journal.pone.0225480,stroma,High,Final core,not_started,,,,,,,,,,,,,,,,,,,,,,,,,,
PUBMED_0227,31811387,Cell Loaded GelMA:HEMA IPN hydrogels for corneal stroma engineering.,2019,Journal of materials science. Materials in medicine,10.1007/s10856-019-6345-4,stroma,High,Final core,not_started,,,,,,,,,,,,,,,,,,,,,,,,,,
PUBMED_0232,31867140,Confocal and Histological Features After Poly(Ethylene Glycol) Diacrylate Corneal Inlay Implantation.,2019,Translational vision science & technology,10.1167/tvst.8.6.39,multiple_layers,High,Keep core - cautious,not_started,,,,,,,,,,,,,,,,,,,,,,,,,,
PUBMED_0240,31956817,Construction and Evaluation of Collagen-Based Corneal Grafts Using Polycaprolactone To Improve Tension Stress.,2020,ACS omega,10.1021/acsomega.9b03297,epithelium_limbus,High,Final core,not_started,,,,,,,,,,,,,,,,,,,,,,,,,,
PUBMED_0253,32097748,Multifunctional synthetic Bowman's membrane-stromal biomimetic for corneal reconstruction.,2020,Biomaterials,10.1016/j.biomaterials.2020.119880,multiple_layers,High,Final core,not_started,,,,,,,,,,,,,,,,,,,,,,,,,,
PUBMED_0255,32188843,Fiber reinforced GelMA hydrogel to induce the regeneration of corneal stroma.,2020,Nature communications,10.1038/s41467-020-14887-9,multiple_layers,High,Final core,not_started,,,,,,,,,,,,,,,,,,,,,,,,,,
PUBMED_0269,32343943,A core-skirt designed artificial cornea with orthogonal microfiber grid scaffold.,2020,Experimental eye research,10.1016/j.exer.2020.108037,stroma,High,Final core,not_started,,,,,,,,,,,,,,,,,,,,,,,,,,
PUBMED_0270,32363924,In Vitro Evaluation and Transplantation of Human Corneal Endothelial Cells Cultured on Biocompatible Carriers.,2020,Cell transplantation,10.1177/0963689720923577,stroma,High,Final core,not_started,,,,,,,,,,,,,,,,,,,,,,,,,,
PUBMED_0273,32368948,Engineering a Corneal Stromal Equivalent Using a Novel Multilayered Fabrication Assembly Technique.,2020,Tissue engineering. Part A,10.1089/ten.TEA.2020.0019,multiple_layers,High,Final core,not_started,,,,,,,,,,,,,,,,,,,,,,,,,,
PUBMED_0284,32504140,Stereolithography 3D Bioprinting Method for Fabrication of Human Corneal Stroma Equivalent.,2020,Annals of biomedical engineering,10.1007/s10439-020-02537-6,stroma,High,Final core,not_started,,,,,,,,,,,,,,,,,,,,,,,,,,
PUBMED_0285,32504216,Preparation of collagen/cellulose nanocrystals composite films and their potential applications in corneal repair.,2020,Journal of materials science. Materials in medicine,10.1007/s10856-020-06386-6,multiple_layers,High,Final core,not_started,,,,,,,,,,,,,,,,,,,,,,,,,,
PUBMED_0289,32526297,Corneal stromal regeneration by hybrid oriented poly (ε-caprolactone)/lyophilized silk fibroin electrospun scaffold.,2020,International journal of biological macromolecules,10.1016/j.ijbiomac.2020.06.045,stroma,High,Final core,not_started,,,,,,,,,,,,,,,,,,,,,,,,,,
PUBMED_0307,32652228,Biomimetic corneal stroma using electro-compacted collagen.,2020,Acta biomaterialia,10.1016/j.actbio.2020.07.004,stroma,High,Final core,not_started,,,,,,,,,,,,,,,,,,,,,,,,,,
PUBMED_0308,32652796,Decellularized human corneal stromal cell sheet as a novel matrix for ocular surface reconstruction.,2020,Journal of tissue engineering and regenerative medicine,10.1002/term.3103,multiple_layers,High,Final core,not_started,,,,,,,,,,,,,,,,,,,,,,,,,,
PUBMED_0317,32743953,Sustained Release of TPCA-1 from Silk Fibroin Hydrogels Preserves Keratocyte Phenotype and Promotes Corneal Regeneration by Inhibiting Interleukin-1β Signaling.,2020,Advanced healthcare materials,10.1002/adhm.202000591,multiple_layers,High,Final core,not_started,,,,,,,,,,,,,,,,,,,,,,,,,,
PUBMED_0329,32841745,Decellularized porcine cornea-derived hydrogels for the regeneration of epithelium and stroma in focal corneal defects.,2020,The ocular surface,10.1016/j.jtos.2020.07.020,multiple_layers,High,Keep core - cautious,not_started,,,,,,,,,,,,,,,,,,,,,,,,,,
PUBMED_0344,33028837,In situ-forming collagen hydrogel crosslinked via multi-functional PEG as a matrix therapy for corneal defects.,2020,Scientific reports,10.1038/s41598-020-72978-5,multiple_layers,High,Final core,not_started,,,,,,,,,,,,,,,,,,,,,,,,,,
PUBMED_0346,33037282,A porous collagen-based hydrogel and implantation method for corneal stromal regeneration and sustained local drug delivery.,2020,Scientific reports,10.1038/s41598-020-73730-9,multiple_layers,High,Final core,not_started,,,,,,,,,,,,,,,,,,,,,,,,,,
PUBMED_0365,33288782,Deciphering the mechanoresponsive role of β-catenin in keratoconus epithelium.,2020,Scientific reports,10.1038/s41598-020-77138-3,multiple_layers,High,Final core,not_started,,,,,,,,,,,,,,,,,,,,,,,,,,
PUBMED_0381,33463211,Hybrid Cornea: Cell Laden Hydrogel Incorporated Decellularized Matrix.,2020,ACS biomaterials science & engineering,10.1021/acsbiomaterials.9b01286,stroma,High,Final core,not_started,,,,,,,,,,,,,,,,,,,,,,,,,,
PUBMED_0386,33538123,Cell sheet technology: Influence of culture conditions on in vitro-cultivated corneal stromal tissue for regenerative therapies of the ocular surface.,2021,"Journal of biomedical materials research. Part B, Applied biomaterials",10.1002/jbm.b.34808,stroma,High,Final core,not_started,,,,,,,,,,,,,,,,,,,,,,,,,,
PUBMED_0387,33542377,A decellularized human corneal scaffold for anterior corneal surface reconstruction.,2021,Scientific reports,10.1038/s41598-021-82678-3,multiple_layers,High,Final core,not_started,,,,,,,,,,,,,,,,,,,,,,,,,,
PUBMED_0388,33545838,Construction of bioengineered corneal stromal implants using an allogeneic cornea-derived matrix.,2021,"Materials science & engineering. C, Materials for biological applications",10.1016/j.msec.2020.111673,multiple_layers,High,Final core,not_started,,,,,,,,,,,,,,,,,,,,,,,,,,
PUBMED_0392,33586332,Limbal Stem Cells on Bacterial Nanocellulose Carriers for Ocular Surface Regeneration.,2021,"Small (Weinheim an der Bergstrasse, Germany)",10.1002/smll.202003937,epithelium_limbus,High,Final core,not_started,,,,,,,,,,,,,,,,,,,,,,,,,,
PUBMED_0395,33603277,Simultaneous Interpenetrating Polymer Network of Collagen and Hyaluronic Acid as an In Situ-Forming Corneal Defect Filler.,2020,Chemistry of materials : a publication of the American Chemical Society,10.1021/acs.chemmater.0c01307,multiple_layers,High,Final core,not_started,,,,,,,,,,,,,,,,,,,,,,,,,,
PUBMED_0398,33659091,Quantitative measurement of mechanical properties in wound healing processes in a corneal stroma model by using vibrational optical coherence elastography (OCE).,2021,Biomedical optics express,10.1364/BOE.404096,stroma,High,Final core,not_started,,,,,,,,,,,,,,,,,,,,,,,,,,
PUBMED_0408,33768381,"A novel human donor cornea preservation cocktail incorporating a thermo-reversible gelation polymer (TGP), enhancing the corneal endothelial cell density maintenance and explant culture of corneal limbal cells.",2021,Biotechnology letters,10.1007/s10529-021-03116-y,multiple_layers,High,Final core,not_started,,,,,,,,,,,,,,,,,,,,,,,,,,
PUBMED_0409,33782482,Biofabrication of chitosan/chitosan nanoparticles/polycaprolactone transparent membrane for corneal endothelial tissue engineering.,2021,Scientific reports,10.1038/s41598-021-86340-w,stroma,High,Final core,not_started,,,,,,,,,,,,,,,,,,,,,,,,,,
PUBMED_0419,33918484,Human Cadaveric Donor Cornea Derived Extra Cellular Matrix Microparticles for Minimally Invasive Healing/Regeneration of Corneal Wounds.,2021,Biomolecules,10.3390/biom11040532,multiple_layers,High,Final core,not_started,,,,,,,,,,,,,,,,,,,,,,,,,,
PUBMED_0422,33955160,Characterization of Tunable Poly-ε-Lysine-Based Hydrogels for Corneal Tissue Engineering.,2021,Macromolecular bioscience,10.1002/mabi.202100036,multiple_layers,High,Final core,not_started,,,,,,,,,,,,,,,,,,,,,,,,,,
PUBMED_0430,34061862,The effect of prior long-term recellularization with keratocytes of decellularized porcine corneas implanted in a rabbit anterior lamellar keratoplasty model.,2021,PloS one,10.1371/journal.pone.0245406,multiple_layers,High,Final core,not_started,,,,,,,,,,,,,,,,,,,,,,,,,,
PUBMED_0433,34119551,The effect of biodegradable silk fibroin-based scaffolds containing glial cell line-derived neurotrophic factor (GDNF) on the corneal regeneration process.,2021,International journal of biological macromolecules,10.1016/j.ijbiomac.2021.06.040,multiple_layers,High,Final core,not_started,,,,,,,,,,,,,,,,,,,,,,,,,,
PUBMED_0444,34252899,Fabrication and Characterization of Silk Fibroin-Based Nanofibrous Scaffolds Supplemented with Gelatin for Corneal Tissue Engineering.,2021,"Cells, tissues, organs",10.1159/000515946,stroma,High,Final core,not_started,,,,,,,,,,,,,,,,,,,,,,,,,,
PUBMED_0450,34330126,Bioprinting of dual ECM scaffolds encapsulating limbal stem/progenitor cells in active and quiescent statuses.,2021,Biofabrication,10.1088/1758-5090/ac1992,epithelium_limbus,High,Final core,not_started,,,,,,,,,,,,,,,,,,,,,,,,,,
PUBMED_0453,34400306,Hydrogels derived from acellular porcine corneal stroma enhance corneal wound healing.,2021,Acta biomaterialia,10.1016/j.actbio.2021.08.011,multiple_layers,High,Final core,not_started,,,,,,,,,,,,,,,,,,,,,,,,,,
PUBMED_0468,34537415,Supramolecular host-guest hyaluronic acid hydrogels enhance corneal wound healing through dynamic spatiotemporal effects.,2022,The ocular surface,10.1016/j.jtos.2021.09.002,multiple_layers,High,Final core,not_started,,,,,,,,,,,,,,,,,,,,,,,,,,
PUBMED_0482,34665455,Preparation and In Vitro Characterization of Gelatin Methacrylate for Corneal Tissue Engineering.,2022,Tissue engineering and regenerative medicine,10.1007/s13770-021-00393-6,stroma,High,Final core,not_started,,,,,,,,,,,,,,,,,,,,,,,,,,
PUBMED_0484,34677503,Preliminary Study on Fish Scale Collagen Lamellar Matrix as Artificial Cornea.,2021,Membranes,10.3390/membranes11100737,stroma,High,Final core,not_started,,,,,,,,,,,,,,,,,,,,,,,,,,
PUBMED_0499,34923312,Exosomes-loaded thermosensitive hydrogels for corneal epithelium and stroma regeneration.,2022,Biomaterials,10.1016/j.biomaterials.2021.121320,multiple_layers,High,Final core,not_started,,,,,,,,,,,,,,,,,,,,,,,,,,
PUBMED_0521,35120168,Bio-fabrication of stem-cell-incorporated corneal epithelial and stromal equivalents from silk fibroin and gelatin-based biomaterial for canine corneal regeneration.,2022,PloS one,10.1371/journal.pone.0263141,multiple_layers,High,Final core,not_started,,,,,,,,,,,,,,,,,,,,,,,,,,
PUBMED_0530,35229601,Tissue-Engineered Corneal Endothelial Sheets Using Ultrathin Acellular Porcine Corneal Stroma Substrates for Endothelial Keratoplasty.,2022,ACS biomaterials science & engineering,10.1021/acsbiomaterials.2c00039,stroma,High,Final core,not_started,,,,,,,,,,,,,,,,,,,,,,,,,,
PUBMED_0538,35362956,Scaffold-Free Strategy Using a PEG-Dextran Aqueous Two-Phase-System for Corneal Tissue Repair.,2022,ACS biomaterials science & engineering,10.1021/acsbiomaterials.1c01500,multiple_layers,High,Final core,not_started,,,,,,,,,,,,,,,,,,,,,,,,,,
PUBMED_0540,35386466,3D printed biomimetic epithelium/stroma bilayer hydrogel implant for corneal regeneration.,2022,Bioactive materials,10.1016/j.bioactmat.2022.01.034,multiple_layers,High,Final core,not_started,,,,,,,,,,,,,,,,,,,,,,,,,,
PUBMED_0544,35456684,Hydrogels as Corneal Stroma Substitutes for In Vitro Evaluation of Drug Ocular Permeation.,2022,Pharmaceutics,10.3390/pharmaceutics14040850,stroma,High,Final core,not_started,,,,,,,,,,,,,,,,,,,,,,,,,,
PUBMED_0547,35528407,Microgrooved collagen-based corneal scaffold for promoting collective cell migration and antifibrosis.,2019,RSC advances,10.1039/c9ra04009a,multiple_layers,High,Final core,not_started,,,,,,,,,,,,,,,,,,,,,,,,,,
PUBMED_0548,35562005,LM22B-10 promotes corneal nerve regeneration through in vitro 3D co-culture model and in vivo corneal injury model.,2022,Acta biomaterialia,10.1016/j.actbio.2022.05.010,multiple_layers,High,Final core,not_started,,,,,,,,,,,,,,,,,,,,,,,,,,
PUBMED_0556,35741104,P-Cadherin Is Expressed by Epithelial Progenitor Cells and Melanocytes in the Human Corneal Limbus.,2022,Cells,10.3390/cells11121975,multiple_layers,High,Keep core - cautious,not_started,,,,,,,,,,,,,,,,,,,,,,,,,,
PUBMED_0560,35769102,Electron-Beam Irradiated Recombinant Human Collagen-Phosphorylcholine Corneal Implants Retain Pro-Regeneration Capacity.,2022,Frontiers in bioengineering and biotechnology,10.3389/fbioe.2022.883977,multiple_layers,High,Keep core - cautious,not_started,,,,,,,,,,,,,,,,,,,,,,,,,,
PUBMED_0582,36040708,Natural Dual-Crosslinking Bioadhesive Hydrogel for Corneal Regeneration in Large-Size Defects.,2022,Advanced healthcare materials,10.1002/adhm.202201576,multiple_layers,High,Keep core - cautious,not_started,,,,,,,,,,,,,,,,,,,,,,,,,,
PUBMED_0585,36063670,Reconstructing auto tissue engineering lamellar cornea with aspartic acid modified acellular porcine corneal stroma and preconditioned limbal stem cell for corneal regeneration.,2022,Biomaterials,10.1016/j.biomaterials.2022.121745,multiple_layers,High,Final core,not_started,,,,,,,,,,,,,,,,,,,,,,,,,,
PUBMED_0596,36239965,In Situ-Forming Collagen-Hyaluronate Semi-Interpenetrating Network Hydrogel Enhances Corneal Defect Repair.,2022,Translational vision science & technology,10.1167/tvst.11.10.22,multiple_layers,High,Final core,not_started,,,,,,,,,,,,,,,,,,,,,,,,,,
PUBMED_0601,36356877,Silk fibroin based interpenetrating network hydrogel for corneal stromal regeneration.,2022,International journal of biological macromolecules,10.1016/j.ijbiomac.2022.11.021,stroma,High,Final core,not_started,,,,,,,,,,,,,,,,,,,,,,,,,,
PUBMED_0602,36370413,An in vitro comparison of human corneal epithelial cell activity and inflammatory response on differently designed ocular amniotic membranes and a clinical case study.,2023,"Journal of biomedical materials research. Part B, Applied biomaterials",10.1002/jbm.b.35186,multiple_layers,High,Final core,not_started,,,,,,,,,,,,,,,,,,,,,,,,,,
PUBMED_0603,36416454,Electrospun-Reinforced Suturable Biodegradable Artificial Cornea.,2022,ACS applied bio materials,10.1021/acsabm.2c00751,stroma,High,Final core,not_started,,,,,,,,,,,,,,,,,,,,,,,,,,
PUBMED_0605,36458563,Use of Decellularized SMILE (Small-Incision Lenticule Extraction) Lenticules for Engineering the Corneal Endothelial Layer: A Proof-of-Concept.,2023,Current eye research,10.1080/02713683.2022.2151018,stroma,High,Final core,not_started,,,,,,,,,,,,,,,,,,,,,,,,,,
PUBMED_0606,36497012,Transcriptomic Landscape and Functional Characterization of Human Induced Pluripotent Stem Cell-Derived Limbal Epithelial Progenitor Cells.,2022,Cells,10.3390/cells11233752,multiple_layers,High,Final core,not_started,,,,,,,,,,,,,,,,,,,,,,,,,,
PUBMED_0616,36579828,Hyaluronic acid based next generation bioink for 3D bioprinting of human stem cell derived corneal stromal model with innervation.,2022,Biofabrication,10.1088/1758-5090/acab34,stroma,High,Final core,not_started,,,,,,,,,,,,,,,,,,,,,,,,,,
PUBMED_0620,36638943,An electrospun scaffold functionalized with a ROS-scavenging hydrogel stimulates ocular wound healing.,2023,Acta biomaterialia,10.1016/j.actbio.2023.01.016,multiple_layers,High,Keep core - cautious,not_started,,,,,,,,,,,,,,,,,,,,,,,,,,
PUBMED_0626,36729619,Intracorneal Implantation of 3D Bioprinted Scaffolds Containing Mesenchymal Stromal Cells Using Femtosecond-Laser-Assisted Intrastromal Keratoplasty.,2023,Macromolecular bioscience,10.1002/mabi.202200422,stroma,High,Final core,not_started,,,,,,,,,,,,,,,,,,,,,,,,,,
PUBMED_0637,36844364,"A ""T.E.S.T."" hydrogel bioadhesive assisted by corneal cross-linking for in situ sutureless corneal repair.",2023,Bioactive materials,10.1016/j.bioactmat.2023.02.006,multiple_layers,High,Keep core,not_started,,,,,,,,,,,,,,,,,,,,,,,,,,
PUBMED_0646,36989713,Successful restoration of corneal surface integrity with a tissue-engineered allogeneic implant in severe keratitis patients.,2023,Biomedicine & pharmacotherapy = Biomedecine & pharmacotherapie,10.1016/j.biopha.2023.114612,multiple_layers,High,Final core,not_started,,,,,,,,,,,,,,,,,,,,,,,,,,
PUBMED_0648,37019117,Digital light processing-bioprinted poly-NAGA-GelMA-based hydrogel lenticule for precise refractive errors correction.,2023,Biofabrication,10.1088/1758-5090/accaab,multiple_layers,High,Keep core,not_started,,,,,,,,,,,,,,,,,,,,,,,,,,
PUBMED_0652,37056274,MiRNA 24-3p-rich exosomes functionalized DEGMA-modified hyaluronic acid hydrogels for corneal epithelial healing.,2023,Bioactive materials,10.1016/j.bioactmat.2022.07.011,multiple_layers,High,Final core,not_started,,,,,,,,,,,,,,,,,,,,,,,,,,
PUBMED_0663,37126648,Collagen Gels Crosslinked by Photoactivation of Riboflavin for the Repair and Regeneration of Corneal Defects.,2023,ACS applied bio materials,10.1021/acsabm.3c00015,epithelium_limbus,High,Final core,not_started,,,,,,,,,,,,,,,,,,,,,,,,,,
PUBMED_0672,37273996,3D bioprinting as a prospective therapeutic strategy for corneal limbal epithelial stem cell deficiency.,2023,International journal of bioprinting,10.18063/ijb.710,epithelium_limbus,High,Final core,not_started,,,,,,,,,,,,,,,,,,,,,,,,,,
PUBMED_0674,37282676,21 Denuded descemet's membrane as potential tool to support human embryonic stem cell derived retinal pigment epithelial cells culture.,2022,BMJ open ophthalmology,10.1136/bmjophth-2022-EEBA.21,multiple_layers,High,Final core,not_started,,,,,,,,,,,,,,,,,,,,,,,,,,
PUBMED_0684,37401723,Introducing Dynamicity: Engineering Stress Relaxation Into Hydrogels Via Thiol-Ene Modified Alginate for Mechanobiological in vitro Modeling of the Cornea.,2024,Macromolecular bioscience,10.1002/mabi.202300109,stroma,High,Final core,not_started,,,,,,,,,,,,,,,,,,,,,,,,,,
PUBMED_0688,37456580,"A suture-free, shape self-adaptive and bioactive PEG-Lysozyme implant for Corneal stroma defect repair and rapid vision restoration.",2023,Bioactive materials,10.1016/j.bioactmat.2023.05.008,multiple_layers,High,Keep core,not_started,,,,,,,,,,,,,,,,,,,,,,,,,,
PUBMED_0690,37476050,Decellularized squid mantle scaffolds as tissue-engineered corneal stroma for promoting corneal regeneration.,2023,Bioengineering & translational medicine,10.1002/btm2.10531,multiple_layers,High,Final core,not_started,,,,,,,,,,,,,,,,,,,,,,,,,,
PUBMED_0699,37539164,A composite hydrogel membrane with shape and water retention for corneal tissue engineering.,2023,Heliyon,10.1016/j.heliyon.2023.e17950,stroma,High,Final core,not_started,,,,,,,,,,,,,,,,,,,,,,,,,,
PUBMED_0700,37555081,3D bioprinting of corneal decellularized extracellular matrix: GelMA composite hydrogel for corneal stroma engineering.,2023,International journal of bioprinting,10.18063/ijb.774,multiple_layers,High,Final core,not_started,,,,,,,,,,,,,,,,,,,,,,,,,,
PUBMED_0702,37594449,Application of Noggin-Coated Electrospun Scaffold in Corneal Wound Healing.,2023,Translational vision science & technology,10.1167/tvst.12.8.15,epithelium_limbus,High,Keep core - cautious,not_started,,,,,,,,,,,,,,,,,,,,,,,,,,
PUBMED_0706,37669915,3D Bioprinting of Acellular Corneal Stromal Scaffolds with a Low Cost Modified 3D Printer: A Feasibility Study.,2023,Current eye research,10.1080/02713683.2023.2251172,stroma,High,Final core,not_started,,,,,,,,,,,,,,,,,,,,,,,,,,
PUBMED_0708,37721301,Chitosan-based thermosensitive hydrogel with long-term release of murine nerve growth factor for neurotrophic keratopathy.,2024,Neural regeneration research,10.4103/1673-5374.380908,multiple_layers,High,Keep core - cautious,not_started,,,,,,,,,,,,,,,,,,,,,,,,,,
PUBMED_0709,37731910,"Optimization and evaluation of oxygen-plasma-modified, aligned, poly (Є-caprolactone) and silk fibroin nanofibrous scaffold for corneal stromal regeneration.",2023,Biomaterials and biosystems,10.1016/j.bbiosy.2023.100083,stroma,High,Final core,not_started,,,,,,,,,,,,,,,,,,,,,,,,,,
PUBMED_0710,37747759,Development of a Fully Synthetic Corneal Stromal Construct via Supramolecular Hydrogel Engineering.,2023,Advanced healthcare materials,10.1002/adhm.202301392,stroma,High,Final core,not_started,,,,,,,,,,,,,,,,,,,,,,,,,,
PUBMED_0719,37866722,A double-crosslinked nanocellulose-reinforced dexamethasone-loaded collagen hydrogel for corneal application and sustained anti-inflammatory activity.,2023,Acta biomaterialia,10.1016/j.actbio.2023.10.020,multiple_layers,High,Final core,not_started,,,,,,,,,,,,,,,,,,,,,,,,,,
PUBMED_0726,37988231,Biomimetic Corneal Stroma for Scarless Corneal Wound Healing via Structural Restoration and Microenvironment Modulation.,2024,Advanced healthcare materials,10.1002/adhm.202302889,multiple_layers,High,Final core,not_started,,,,,,,,,,,,,,,,,,,,,,,,,,
PUBMED_0730,38044579,A Versatile Hydrogel with Antibacterial and Sequential Drug-Releasing Capability for the Programmable Healing of Infectious Keratitis.,2023,ACS nano,10.1021/acsnano.3c09034,multiple_layers,High,Final core,not_started,,,,,,,,,,,,,,,,,,,,,,,,,,
PUBMED_0738,38226015,Novel strategy for multi-material 3D bioprinting of human stem cell based corneal stroma with heterogenous design.,2024,Materials today. Bio,10.1016/j.mtbio.2023.100924,stroma,High,Final core,not_started,,,,,,,,,,,,,,,,,,,,,,,,,,
PUBMED_0748,38413368,Application of multi-layer porcine small intestinal submucosa for the reconstruction of deep corneal defects in cats.,2025,Veterinary ophthalmology,10.1111/vop.13196,multiple_layers,High,Final core,not_started,,,,,,,,,,,,,,,,,,,,,,,,,,
PUBMED_0750,38428773,3D bioprinted photo crosslinkable GelMA/methylcellulose hydrogel mimicking native corneal model with enhanced in vitro cytocompatibility and sustained keratocyte phenotype for stromal regeneration.,2024,International journal of biological macromolecules,10.1016/j.ijbiomac.2024.130472,stroma,High,Final core,not_started,,,,,,,,,,,,,,,,,,,,,,,,,,
PUBMED_0754,38454966,3D printing sequentially strengthening high-strength natural polymer hydrogel bilayer scaffold for cornea regeneration.,2024,Regenerative biomaterials,10.1093/rb/rbae012,multiple_layers,High,Final core,not_started,,,,,,,,,,,,,,,,,,,,,,,,,,
PUBMED_0755,38466286,Substrate Stiffness Modulates Stemness and Differentiation of Rabbit Corneal Endothelium Through the Paxillin-YAP Pathway.,2024,Investigative ophthalmology & visual science,10.1167/iovs.65.3.15,multiple_layers,High,Final core,not_started,,,,,,,,,,,,,,,,,,,,,,,,,,
PUBMED_0757,38471165,Biopolymeric corneal lenticules by digital light processing based bioprinting: a dynamic substitute for corneal transplant.,2024,"Biomedical materials (Bristol, England)",10.1088/1748-605X/ad3312,multiple_layers,High,Final core,not_started,,,,,,,,,,,,,,,,,,,,,,,,,,
PUBMED_0759,38472685,Hydrogels Based on Recombinant Spidroin Stimulate Proliferation and Migration of Human Corneal Cells.,2023,"Doklady biological sciences : proceedings of the Academy of Sciences of the USSR, Biological sciences sections",10.1134/S0012496623600173,multiple_layers,High,Final core,not_started,,,,,,,,,,,,,,,,,,,,,,,,,,
PUBMED_0761,38486306,Bioprinting of human pluripotent stem cell derived corneal endothelial cells with hydrazone crosslinked hyaluronic acid bioink.,2024,Stem cell research & therapy,10.1186/s13287-024-03672-w,endothelium,High,Final core,not_started,,,,,,,,,,,,,,,,,,,,,,,,,,
PUBMED_0764,38507802,3D bioprinting of stromal cells-laden artificial cornea based on visible light-crosslinkable bioinks forming multilength networks.,2024,Biofabrication,10.1088/1758-5090/ad35eb,stroma,High,Final core,not_started,,,,,,,,,,,,,,,,,,,,,,,,,,
PUBMED_0770,38646166,Kuragel: A biomimetic hydrogel scaffold designed to promote corneal regeneration.,2024,iScience,10.1016/j.isci.2024.109641,multiple_layers,High,Final core,not_started,,,,,,,,,,,,,,,,,,,,,,,,,,
PUBMED_0774,38750781,Cell spray printing combined with Lycium barbarum glycopeptide promotes repair of corneal epithelial injury.,2024,Experimental eye research,10.1016/j.exer.2024.109928,epithelium_limbus,High,Final core,not_started,,,,,,,,,,,,,,,,,,,,,,,,,,
PUBMED_0775,38750850,The combined effect of epidermal growth factor and keratinocyte growth factor delivered by hyaluronic acid hydrogel on corneal wound healing.,2024,International journal of biological macromolecules,10.1016/j.ijbiomac.2024.132365,multiple_layers,High,Final core,not_started,,,,,,,,,,,,,,,,,,,,,,,,,,
PUBMED_0797,39022184,Photoactivated growth factor release from bio-orthogonally crosslinked hydrogels for the regeneration of corneal defects.,2024,Bioactive materials,10.1016/j.bioactmat.2024.05.045,multiple_layers,High,Final core,not_started,,,,,,,,,,,,,,,,,,,,,,,,,,
PUBMED_0802,39075142,A novel tissue-engineered corneal epithelium based on ultra-thin amniotic membrane and mesenchymal stem cells.,2024,Scientific reports,10.1038/s41598-024-68219-8,multiple_layers,High,Final core,not_started,,,,,,,,,,,,,,,,,,,,,,,,,,
PUBMED_0804,39096155,Fabrication of GelMA - Agarose Based 3D Bioprinted Photocurable Hydrogel with In Vitro Cytocompatibility and Cells Mirroring Natural Keratocytes for Corneal Stromal Regeneration.,2024,Macromolecular bioscience,10.1002/mabi.202400136,stroma,High,Final core,not_started,,,,,,,,,,,,,,,,,,,,,,,,,,
PUBMED_0805,39101028,Oriented cellulose hydrogel: Directed tissue regeneration for reducing corneal leukoplakia and managing fungal corneal ulcers.,2024,Bioactive materials,10.1016/j.bioactmat.2024.07.008,stroma,High,Final core,not_started,,,,,,,,,,,,,,,,,,,,,,,,,,
PUBMED_0806,39106436,"In Situ-Forming, Bioorthogonally Cross-linked, Nanocluster-Reinforced Hydrogel for the Regeneration of Corneal Defects.",2024,ACS nano,10.1021/acsnano.4c02345,multiple_layers,High,Final core,not_started,,,,,,,,,,,,,,,,,,,,,,,,,,
PUBMED_0812,39169887,Granular polyrotaxane microgels as injectable hydrogels for corneal tissue regeneration.,2024,Biomaterials science,10.1039/d4bm00409d,stroma,High,Final core,not_started,,,,,,,,,,,,,,,,,,,,,,,,,,
PUBMED_0814,39197237,Corneal stromal structure replicating humanized hydrogel patch for sutureless repair of deep anterior-corneal defect.,2025,Biomaterials,10.1016/j.biomaterials.2024.122754,multiple_layers,High,Keep core,not_started,,,,,,,,,,,,,,,,,,,,,,,,,,
PUBMED_0817,39216318,Bioprinting of anisotropic functional corneal stroma using mechanically robust multi-material bioink based on decellularized cornea matrix.,2024,Biomaterials advances,10.1016/j.bioadv.2024.214007,multiple_layers,High,Final core,not_started,,,,,,,,,,,,,,,,,,,,,,,,,,
PUBMED_0818,39218556,Triple-crosslinked double-network alginate/dextran/dendrimer hydrogel with tunable mechanical and adhesive properties: A potential candidate for sutureless keratoplasty.,2024,Carbohydrate polymers,10.1016/j.carbpol.2024.122538,stroma,High,Final core,not_started,,,,,,,,,,,,,,,,,,,,,,,,,,
PUBMED_0821,39328788,"Preparation, physico-biochemical characterization, and proteomic analysis of highly transparent corneal extracellular matrices for lamellar keratoplasty and tissue-engineered cornea construction.",2024,Materials today. Bio,10.1016/j.mtbio.2024.101241,stroma,High,Final core,not_started,,,,,,,,,,,,,,,,,,,,,,,,,,
PUBMED_0826,39375390,Bio-printing method as a novel approach to obtain a fibrin scaffold settled by limbal epithelial cells for corneal regeneration.,2024,Scientific reports,10.1038/s41598-024-73383-y,epithelium_limbus,High,Final core,not_started,,,,,,,,,,,,,,,,,,,,,,,,,,
PUBMED_0828,39386574,In Situ UNIversal Orthogonal Network (UNION) Bioink Deposition for Direct Delivery of Corneal Stromal Stem Cells to Corneal Wounds.,2024,bioRxiv : the preprint server for biology,10.1101/2024.09.19.613997,multiple_layers,High,Final core,not_started,,,,,,,,,,,,,,,,,,,,,,,,,,
PUBMED_0841,39551331,Repair effects of thermosensitive hydrogels combined with iPSC-derived corneal endothelial cells on rabbit corneal endothelial dysfunction.,2025,Acta biomaterialia,10.1016/j.actbio.2024.11.021,endothelium,High,Final core,not_started,,,,,,,,,,,,,,,,,,,,,,,,,,
PUBMED_0842,39556946,Bioprinting a resilient and transparent cornea stroma equivalent: harnessing dual crosslinking strategy with decellularized cornea matrix and silk fibroin hybrid.,2024,Biofabrication,10.1088/1758-5090/ad9409,multiple_layers,High,Final core,not_started,,,,,,,,,,,,,,,,,,,,,,,,,,
PUBMED_0844,39558795,Natural Extracellular Matrix Scaffold-Based Hydrogel Corneal Patch with Temperature and Light-Responsiveness for Penetrating Keratoplasty and Sutureless Stromal Defect Repair.,2025,Advanced healthcare materials,10.1002/adhm.202402567,multiple_layers,High,Final core,not_started,,,,,,,,,,,,,,,,,,,,,,,,,,
PUBMED_0850,39643222,"3D printing of stiff, tough, and ROS-scavenging nanocomposite hydrogel scaffold for in situ corneal repair.",2025,Acta biomaterialia,10.1016/j.actbio.2024.12.005,multiple_layers,High,Final core,not_started,,,,,,,,,,,,,,,,,,,,,,,,,,
PUBMED_0857,39686763,Glycerol Modulated Collagen Fibril Evolution and Lamellar Organization for Biomimetic Corneal Substitutes Construction.,2025,"Small (Weinheim an der Bergstrasse, Germany)",10.1002/smll.202407606,multiple_layers,High,Final core,not_started,,,,,,,,,,,,,,,,,,,,,,,,,,
PUBMED_0860,39693435,Biologically inspired bioactive hydrogels for scarless corneal repair.,2024,Science advances,10.1126/sciadv.adt1643,multiple_layers,High,Final core,not_started,,,,,,,,,,,,,,,,,,,,,,,,,,
PUBMED_0866,39798638,3D printed biomimetic bilayer limbal implants for regeneration of the corneal structure in limbal stem cell deficiency.,2025,Acta biomaterialia,10.1016/j.actbio.2025.01.011,multiple_layers,High,Final core,not_started,,,,,,,,,,,,,,,,,,,,,,,,,,
PUBMED_0867,39800095,Rho kinase inhibitor Y-27632 and dual media culture approach promote the construction and transplantation of rabbit limbal epithelial cell sheets via cell spheroid culture and auto-bioprinting.,2025,Acta biomaterialia,10.1016/j.actbio.2025.01.022,epithelium_limbus,High,Final core,not_started,,,,,,,,,,,,,,,,,,,,,,,,,,
PUBMED_0871,39819884,Digital light processing 3D bioprinting of biomimetic corneal stroma equivalent using gelatin methacryloyl and oxidized carboxymethylcellulose interpenetrating network hydrogel.,2025,Biofabrication,10.1088/1758-5090/adab27,stroma,High,Final core,not_started,,,,,,,,,,,,,,,,,,,,,,,,,,
PUBMED_0877,39853921,Artificial Cornea Substitute Based on Hydrogel Skeletons with Natural Stromal Hierarchical Structure and Extracellular Matrix for Sutureless Transplantation.,2025,"Advanced science (Weinheim, Baden-Wurttemberg, Germany)",10.1002/advs.202411540,multiple_layers,High,Final core,not_started,,,,,,,,,,,,,,,,,,,,,,,,,,
PUBMED_0888,39930756,"Enhanced Bioprinting of 3D Corneal Stroma Patches with Reliability, Assessing Product Consistency and Quality through Optimized Electron Beam Sterilization.",2025,Advanced healthcare materials,10.1002/adhm.202403118,stroma,High,Final core,not_started,,,,,,,,,,,,,,,,,,,,,,,,,,
PUBMED_0889,39935895,Photochemical corneal cross-linking: Evaluating the potential of a hand-held biopen.,2025,Materials today. Bio,10.1016/j.mtbio.2025.101512,multiple_layers,High,Final core,not_started,,,,,,,,,,,,,,,,,,,,,,,,,,
PUBMED_0891,39955036,3D mesenchymal stem cell exosome-functionalized hydrogels for corneal wound healing.,2025,Journal of controlled release : official journal of the Controlled Release Society,10.1016/j.jconrel.2025.02.030,multiple_layers,High,Final core,not_started,,,,,,,,,,,,,,,,,,,,,,,,,,
PUBMED_0902,40061375,The influence of amniotic membrane proteins on corneal regeneration when delivered directly or using hydrogel platforms.,2025,Frontiers in medicine,10.3389/fmed.2025.1498319,multiple_layers,High,Final core,not_started,,,,,,,,,,,,,,,,,,,,,,,,,,
PUBMED_0904,40083774,In situ UNIversal Orthogonal Network (UNION) bioink deposition for direct delivery of corneal stromal stem cells to corneal wounds.,2025,Bioactive materials,10.1016/j.bioactmat.2025.02.009,multiple_layers,High,Final core,not_started,,,,,,,,,,,,,,,,,,,,,,,,,,
PUBMED_0905,40145466,"Preclinical Testing of 3D Printed, Cell Loaded Hydrogel Based Corneal Substitutes on Rabbit Model.",2025,Macromolecular bioscience,10.1002/mabi.202400595,multiple_layers,High,Final core,not_started,,,,,,,,,,,,,,,,,,,,,,,,,,
PUBMED_0907,40159843,Photocurable Dual-Network Hydrogels Based on Natural Polymers for Sutureless Repair of Large Corneal Defects.,2025,"Small (Weinheim an der Bergstrasse, Germany)",10.1002/smll.202500150,multiple_layers,High,Final core,not_started,,,,,,,,,,,,,,,,,,,,,,,,,,
PUBMED_0919,40296037,Self-healing adhesive oxidized guar gum hydrogel loaded with mesenchymal stem cell exosomes for corneal wound healing.,2025,Journal of nanobiotechnology,10.1186/s12951-025-03366-2,epithelium_limbus,High,Final core,not_started,,,,,,,,,,,,,,,,,,,,,,,,,,
PUBMED_0928,40395134,Highly transparent and elastic acellular swim bladder with potential application in cornea implantation.,2025,Journal of materials chemistry. B,10.1039/d5tb00793c,multiple_layers,High,Final core,not_started,,,,,,,,,,,,,,,,,,,,,,,,,,
PUBMED_0934,40446990,The interaction of the biocompatible scaffold containing nanochitosan-chitosan-polycaprolactone with telomerase activator and rock inhibitor in propagation and functional properties of corneal endothelial cells.,2025,International journal of biological macromolecules,10.1016/j.ijbiomac.2025.144744,endothelium,High,Final core,not_started,,,,,,,,,,,,,,,,,,,,,,,,,,
PUBMED_0936,40449707,Compartmentalized 3D bioprinting of the limbal niche with distinct hPSC-LSC subpopulations for corneal disease modeling.,2025,Acta biomaterialia,10.1016/j.actbio.2025.05.068,epithelium_limbus,High,Final core,not_started,,,,,,,,,,,,,,,,,,,,,,,,,,
PUBMED_0938,40481091,Therapeutic efficacy of BSA formulated hydrogels in corneal wound healing and epithelial cell regeneration: an ex vivo study.,2025,Scientific reports,10.1038/s41598-025-04408-3,multiple_layers,High,Final core,not_started,,,,,,,,,,,,,,,,,,,,,,,,,,
PUBMED_0944,40555247,3D bioprinted GelMA/collagen hydrogel for corneal stroma regeneration.,2025,Biofabrication,10.1088/1758-5090/ade7b2,stroma,High,Final core,not_started,,,,,,,,,,,,,,,,,,,,,,,,,,
PUBMED_0947,40613723,A graphene oxide/niobium carbide MXene composite-based functional nanocomposite scaffold for artificial corneas.,2025,Nanoscale,10.1039/d5nr01312g,stroma,High,Final core,not_started,,,,,,,,,,,,,,,,,,,,,,,,,,
PUBMED_0949,40641839,Engineering a functionality-integrated artificial cornea stromal Substitute: Janus bio-adhesive implant with a collagen-based multi-scale biomimetic skeleton.,2025,Bioactive materials,10.1016/j.bioactmat.2025.06.030,multiple_layers,High,Final core,not_started,,,,,,,,,,,,,,,,,,,,,,,,,,
PUBMED_0950,40665979,Research on the construction of corneal endothelium transplantation with acellular amniotic membrane as a scaffold.,2025,Frontiers in medicine,10.3389/fmed.2025.1592123,endothelium,High,Final core,not_started,,,,,,,,,,,,,,,,,,,,,,,,,,
PUBMED_0957,40710690,Effect of 3D Printing Parameters on the Transparency of Medical Hydrogels for Corneal Stroma Fabrication.,2025,"Gels (Basel, Switzerland)",10.3390/gels11070528,stroma,High,Final core,not_started,,,,,,,,,,,,,,,,,,,,,,,,,,
PUBMED_0959,40734361,3D Differentiation of Bone-Marrow Derived Mesenchymal Stromal Cells into the Keratocyte Lineage for Corneal Bioprinting.,2025,Advanced healthcare materials,10.1002/adhm.202405073,stroma,High,Final core,not_started,,,,,,,,,,,,,,,,,,,,,,,,,,
PUBMED_0962,40762540,Human Omental Mesothelial Cells Exhibit a Corneal Endothelial-Like Cell Phenotype for Tissue Engineering of a Corneal Endothelium Biomimetic.,2025,Investigative ophthalmology & visual science,10.1167/iovs.66.11.7,multiple_layers,High,Final core,not_started,,,,,,,,,,,,,,,,,,,,,,,,,,
PUBMED_0973,40893304,Hydrogel-Mediated Sustained Delivery of Corneal Epithelial Extracellular Vesicles: A Strategy for Enhanced Corneal Regeneration.,2025,ACS omega,10.1021/acsomega.5c01135,multiple_layers,High,Keep core - cautious,not_started,,,,,,,,,,,,,,,,,,,,,,,,,,
PUBMED_0977,40931961,Scaffold-Free Extrusion-Based 3D Bioprinting of Cornea Constructs Using a Decellularized Corneal Extracellular Matrix Based Bioink and Human Placenta-Derived Mesenchymal Stem Cells.,2025,Macromolecular bioscience,10.1002/mabi.202500276,stroma,High,Final core,not_started,,,,,,,,,,,,,,,,,,,,,,,,,,
PUBMED_0978,40945255,"EMERGE patch, a novel electrogenic engineered material to enhance healing of severe corneal wounds.",2026,Biomaterials,10.1016/j.biomaterials.2025.123689,multiple_layers,High,Final core,not_started,,,,,,,,,,,,,,,,,,,,,,,,,,
PUBMED_0989,41070062,Comparison of the regenerative potential of different functionalized gelatin-based hydrogels as fillers of rabbit corneal wounds.,2025,Frontiers in medicine,10.3389/fmed.2025.1667446,multiple_layers,High,Final core,not_started,,,,,,,,,,,,,,,,,,,,,,,,,,
PUBMED_0990,41073348,Native Bio-Lenticules Mediated Rapamycin Delivery for Corneal Immunomodulation and Tissue Repair Promotion.,2025,ACS biomaterials science & engineering,10.1021/acsbiomaterials.5c01309,stroma,High,Final core,not_started,,,,,,,,,,,,,,,,,,,,,,,,,,
PUBMED_0997,41129923,"Comparative evaluation of the mechanical properties of amniotic membranes for corneal grafting: Effects of cryopreservation, lyophilization, and dehydration.",2026,Journal of the mechanical behavior of biomedical materials,10.1016/j.jmbbm.2025.107234,stroma,High,Final core,not_started,,,,,,,,,,,,,,,,,,,,,,,,,,
PUBMED_1006,41203155,Photocurable hybrid hydrogels based on gelatin and polysaccharides for sutureless repair of corneal defects.,2025,International journal of biological macromolecules,10.1016/j.ijbiomac.2025.148835,multiple_layers,High,Keep core - cautious,not_started,,,,,,,,,,,,,,,,,,,,,,,,,,
PUBMED_1009,41218465,Matrix stiffness modulates YAP-mediated glycolysis and proliferation in human corneal endothelial cells.,2026,Biomaterials advances,10.1016/j.bioadv.2025.214594,endothelium,High,Final core,not_started,,,,,,,,,,,,,,,,,,,,,,,,,,
PUBMED_1011,41234357,The impact of the limbal niche interactions on the self-renewal capability of limbal epithelial stem cells.,2025,Frontiers in cell and developmental biology,10.3389/fcell.2025.1667309,multiple_layers,High,Final core,not_started,,,,,,,,,,,,,,,,,,,,,,,,,,
PUBMED_1015,41359360,Alkaline Phosphatase-Triggered Spatiotemporal Repair of Corneal Injury with TB500 Peptide Hydrogel.,2025,ACS applied materials & interfaces,10.1021/acsami.5c14652,multiple_layers,High,Final core,not_started,,,,,,,,,,,,,,,,,,,,,,,,,,
PUBMED_1016,41379646,Descemet Membrane Versus Amniotic Membrane for Limbal Stem Cell Therapy.,2026,Cornea,10.1097/ICO.0000000000004073,epithelium_limbus,High,Final core,not_started,,,,,,,,,,,,,,,,,,,,,,,,,,
PUBMED_1020,41427066,Experimental Study of the Effect of Corneal Bio-Coating Based on the Original Hydrogel Biopolymer Scaffold on the Anterior Segment Structures of the Eye.,2025,Sovremennye tekhnologii v meditsine,10.17691/stm2025.17.4.04,multiple_layers,High,Final core,not_started,,,,,,,,,,,,,,,,,,,,,,,,,,
PUBMED_1021,41460069,3D-Bioprinted Biomimetic Epithelial-Stromal Hydrogel Construct with In Situ Photocrosslinkable Bioadhesive for Suture-Free Corneal Regeneration.,2026,Advanced healthcare materials,10.1002/adhm.202504578,multiple_layers,High,Final core,not_started,,,,,,,,,,,,,,,,,,,,,,,,,,
PUBMED_1025,41488431,"Antibiotic nanozyme hydrogel depot for single-injection MDR bacterial keratitis therapy via localized antibacterial, pro-healing and corneal reinforcement.",2026,Materials today. Bio,10.1016/j.mtbio.2025.102602,multiple_layers,High,Final core,not_started,,,,,,,,,,,,,,,,,,,,,,,,,,
PUBMED_1031,41506503,Bioactive thermoresponsive fibronectin-Pluronic F127 hydrogel for sustained ocular delivery with corneal regeneration and anti-inflammatory effects.,2026,International journal of biological macromolecules,10.1016/j.ijbiomac.2025.150032,multiple_layers,High,Final core,not_started,,,,,,,,,,,,,,,,,,,,,,,,,,
PUBMED_1036,41538991,Bioactive peptides-incorporated photo-crosslinking hydrogel for suture-free repair of corneal injuries.,2026,Journal of colloid and interface science,10.1016/j.jcis.2026.139869,multiple_layers,High,Final core,not_started,,,,,,,,,,,,,,,,,,,,,,,,,,
PUBMED_1038,41548128,In Vivo Evaluation of Injected and Bioprinted Hyaluronic Acid-Based Bioink in Corneal Stromal Pocket.,2026,Macromolecular bioscience,10.1002/mabi.202500555,stroma,High,Final core,not_started,,,,,,,,,,,,,,,,,,,,,,,,,,
PUBMED_1039,41554492,A natural corneal extracellular matrix-inspired dual-crosslinked hydrogel bioadhesive for emergency corneal trauma repair.,2026,Acta biomaterialia,10.1016/j.actbio.2026.01.034,multiple_layers,High,Final core,not_started,,,,,,,,,,,,,,,,,,,,,,,,,,
PUBMED_1049,41678599,Composite Decellularized Corneal Hydrogel for Effective Corneal Injury Repair and Regeneration.,2026,ACS applied bio materials,10.1021/acsabm.5c02226,multiple_layers,High,Final core,not_started,,,,,,,,,,,,,,,,,,,,,,,,,,
PUBMED_1053,41742708,A New Bioprinted Dual-Layered Corneal Structure Using Collagen-Based Bioinks.,2026,Tissue engineering. Part A,10.1177/19373341261424272,stroma,High,Final core,not_started,,,,,,,,,,,,,,,,,,,,,,,,,,
PUBMED_1057,41794129,Near complete corneal regeneration after lamellar keratoplasty in rabbits enabled by an in situ photo-crosslinkable dendrimer-hyaluronic acid hydrogel.,2026,The ocular surface,10.1016/j.jtos.2026.03.001,multiple_layers,High,Keep core - cautious,not_started,,,,,,,,,,,,,,,,,,,,,,,,,,
PUBMED_1058,41808764,Photocrosslinked dual-network hydrogel for sutureless corneal stromal lenticule lmplantation.,2026,Frontiers in bioengineering and biotechnology,10.3389/fbioe.2026.1764867,multiple_layers,High,Final core,not_started,,,,,,,,,,,,,,,,,,,,,,,,,,
PUBMED_1068,41947731,Functional 3D bioprinting with GelMA/CMCh bioinks: a supportive microenvironment for stromal keratocyte maintenance and potential corneal stromal repair.,2026,Journal of materials chemistry. B,10.1039/d5tb02459e,stroma,High,Final core,not_started,,,,,,,,,,,,,,,,,,,,,,,,,,
PUBMED_1069,41962437,A magnolol/BMSC-integrated collagen hydrogel with dual anti-inflammatory and regenerative functions for corneal repair.,2026,Biomaterials advances,10.1016/j.bioadv.2026.214865,multiple_layers,High,Final core,not_started,,,,,,,,,,,,,,,,,,,,,,,,,,
PUBMED_1072,42035972,Limbal organoids and bioengineering sheets based on niche microphysiological systems and bioprinting for corneal injury repair in rabbits.,2026,Acta biomaterialia,10.1016/j.actbio.2026.04.042,epithelium_limbus,High,Final core,not_started,,,,,,,,,,,,,,,,,,,,,,,,,,
PUBMED_1074,42059163,Real Architecture for 3D Tissue (RAFT): Mechanical Properties and Ability to Support the 3D Culture of Porcine Corneal Endothelial Cells.,2026,Journal of biomedical materials research. Part A,10.1002/jbm.a.70086,stroma,High,Final core,not_started,,,,,,,,,,,,,,,,,,,,,,,,,,
PUBMED_0032,29413615,Functionalized silk fibroin film scaffold using β-Carotene for cornea endothelial cell regeneration.,2018,"Colloids and surfaces. B, Biointerfaces",10.1016/j.colsurfb.2017.11.052,endothelium,Medium,Added endothelial core from medium-priority screen,not_started,,,,,,,,,,,,,,,,,,,,,,,,,,
PUBMED_0075,29998891,Constructing a Novel Three-Dimensional Biomimetic Corneal Endothelium Graft by Culturing Corneal Endothelium Cells on Compressed Collagen Gels.,2018,Chinese medical journal,10.4103/0366-6999.235883,endothelium,Medium,Added endothelial core from medium-priority screen,completed,experimental biomaterial / bioengineered graft study (in vitro),endothelium,collagen hydrogel,laminin-coated compressed collagen (CC) gel,"plastic compression of collagen gel to form a thin compressed collagen sheet, followed by laminin coating",thin compressed collagen membrane/sheet,bovine corneal endothelial cells (B-CECs),bovine (xenogeneic),"laminin surface coating (cell-adhesion protein, not a growth factor)",unclear / not reported in abstract,Not quantified in abstract; figures show mechanical test setup but no numeric transparency/transmittance value given.,yes,Figure 1 shows biomechanical/mechanical properties testing of the compressed collagen gel; no numeric modulus value stated in abstract text.,yes,SEM ultrastructural analysis; ZO-1 tight junction immunohistochemistry positive; cell density 3612.2 +/- 43.4 cells/mm2 (comparable to/higher than native human CEC density).,yes,no,no,no,not applicable / in vitro only,"Biomimetic corneal endothelium graft formed by culturing bovine CECs on laminin-coated compressed collagen gel; normal hexagonal morphology, ultrastructure, high cell density, and ZO-1 expression indicating basic endothelial barrier function.","Bovine (xenogeneic) cell source, not human; in vitro only, no animal or clinical validation; transparency not quantitatively reported.",early preclinical (in vitro proof-of-concept),high,yes,"Full abstract and figure captions reviewed via PMC (PMC6048920), open access. Exact mechanical/optical numeric values not present in abstract; would need full-text tables for detailed benchmarking numbers."
PUBMED_0081,30066447,Ex Vivo Functionality of 3D Bioprinted Corneal Endothelium Engineered with Ribonuclease 5-Overexpressing Human Corneal Endothelial Cells.,2018,Advanced healthcare materials,10.1002/adhm.201800398,endothelium,Medium,Added endothelial core from medium-priority screen,not_started,,,,,,,,,,,,,,,,,,,,,,,,,,
PUBMED_0157,31129253,Investigating the effect of chitosan/ polycaprolactone blends in differentiation of corneal endothelial cells and extracellular matrix compositions.,2019,Experimental eye research,10.1016/j.exer.2019.05.019,endothelium,Medium,Added endothelial core from medium-priority screen,completed,experimental biomaterial / membrane fabrication and cell differentiation study (in vitro),endothelium,synthetic polymer blend membrane,"chitosan/polycaprolactone (PCL) blend, PCL25 (25% PCL by weight)",blended membrane casting; surface characterized by FTIR and AFM,thin polymer blend membrane,bovine corneal endothelial cells,bovine (xenogeneic),none exogenous; membrane surface chemistry alone used to modulate ECM/differentiation,no,Not reported in abstract.,partial,AFM used for surface roughness/topography (PCL25 rougher than pure chitosan); FTIR confirmed PCL C=O bond. No tensile/modulus values reported.,yes,Hexagonal CEC morphology maintained; ZO-1 and Na+/K+-ATPase immunofluorescence positive; western blot showed higher collagen type IV and reduced TGF-beta2 expression on PCL25 vs TCPS control.,yes,no,no,no,not applicable / in vitro only,"Chitosan/PCL25 blend membranes supported bovine CEC attachment and proliferation comparable to TCPS, hexagonal morphology, functional marker expression, and favorable ECM protein profile versus TCPS.","Bovine cells, in vitro only; full text is Elsevier-paywalled with no PMC deposit found, so extraction is abstract-level only; no transparency or mechanical strength data reported.",early preclinical (in vitro),medium-high,yes,"Full text paywalled (Elsevier), no open-access PMC copy found. Extraction based on complete PubMed abstract only; flagged for manual full-text follow-up if institutional access becomes available."
PUBMED_0304,32622067,Evaluation of reconstructed human corneal endothelium sheets made with porcine Descemet's membrane in vitro and in vivo.,2020,Experimental eye research,10.1016/j.exer.2020.108125,endothelium,Medium,Added endothelial core from medium-priority screen,not_started,,,,,,,,,,,,,,,,,,,,,,,,,,
PUBMED_0322,32805263,Tissue engineered ultra-thin descemet stripping corneal endothelial layers using porcine cornea and stem cells.,2020,Experimental eye research,10.1016/j.exer.2020.108192,endothelium,Medium,Added endothelial core from medium-priority screen,not_started,,,,,,,,,,,,,,,,,,,,,,,,,,
PUBMED_0378,33448665,Bioinspired hydrogel surfaces to augment corneal endothelial cell monolayer formation.,2021,Journal of tissue engineering and regenerative medicine,10.1002/term.3173,endothelium,Medium,Added endothelial core from medium-priority screen,not_started,,,,,,,,,,,,,,,,,,,,,,,,,,
PUBMED_0379,33448808,"Ultrathin, Strong, and Cell-Adhesive Agarose-Based Membranes Engineered as Substrates for Corneal Endothelial Cells.",2019,ACS biomaterials science & engineering,10.1021/acsbiomaterials.9b00610,endothelium,Medium,Added endothelial core from medium-priority screen,not_started,,,,,,,,,,,,,,,,,,,,,,,,,,
PUBMED_0382,33463278,Fish-Scale Collagen Membrane Seeded with Corneal Endothelial Cells as Alternative Graft for Endothelial Keratoplasty Transplantation.,2020,ACS biomaterials science & engineering,10.1021/acsbiomaterials.9b00562,endothelium,Medium,Added endothelial core from medium-priority screen,completed,experimental biomaterial / decellularized carrier study with in vivo evaluation,endothelium,decellularized biological tissue carrier (non-mammalian source),fish-scale collagen membrane (FSCM),"fish scales decellularized, decalcified, and curved to form a membrane carrier",curved collagen membrane derived from fish scale,corneal endothelial cells (CECs),not specified as human/animal in abstract; seeded onto FSCM for implantation into rabbit anterior chambers,none reported,yes,FSCM reported to have 'excellent transparency' (qualitative descriptor); no numeric transmittance value in abstract.,partial,"Adequate water content and biocompatibility/durability assessed; no explicit tensile/modulus values reported in abstract. TGA used to validate decalcification (thermal, not mechanical, property).",yes,"Fluorescence microscopy, SEM and TGA validated decellularization/microstructure/decalcification; cytotoxicity (LDH) and viability (WST-1) assays performed; CEC tight junctions and ZO-1 structure observed by SEM and confocal microscopy; cultivated CECs on FSCM were similar to normal CECs in vivo.",yes,no,yes,no,not specified beyond implantation evaluation; rabbit anterior chamber host tissue reaction assessed,"Fish-scale collagen membrane (a non-mammalian, potentially lower-cost and lower-zoonotic-risk carrier source) seeded with corneal endothelial cells showed excellent transparency, adequate water content, good biocompatibility, normal-appearing CECs with ZO-1 tight junctions, and was implanted into rabbit anterior chambers to assess host tissue reaction.",Exact quantitative transparency/mechanical values not given in abstract; cell source species not specified in abstract; in vivo evaluation limited to short-term host tissue reaction rather than long-term functional/transplantation outcome.,early-to-mid preclinical (in vitro plus small-animal in vivo host-reaction evaluation),high,yes,"Retrieved via Europe PMC REST API (structured abstract; full text subscription-required, DOI 10.1021/acsbiomaterials.9b00562, ACS Biomaterials Science & Engineering). Novel non-mammalian biomaterial source (fish scale) - relevant to the manufacturing/sourcing and immunogenicity benchmarking domains as an alternative to bovine/porcine/human-donor-derived carriers."
PUBMED_0421,33939123,Potential of a novel scaffold composed of human platelet lysate and fibrin for human corneal endothelial cells.,2022,Cell and tissue banking,10.1007/s10561-021-09931-x,endothelium,Medium,Added endothelial core from medium-priority screen,not_started,,,,,,,,,,,,,,,,,,,,,,,,,,
PUBMED_0469,34552187,Optimization of polycaprolactone - based nanofiber matrices for the cultivation of corneal endothelial cells.,2021,Scientific reports,10.1038/s41598-021-98426-6,endothelium,Medium,Added endothelial core from medium-priority screen,not_started,,,,,,,,,,,,,,,,,,,,,,,,,,
PUBMED_0531,35238557,Novel Corneal Endothelial Cell Carrier Couples a Biodegradable Polymer and a Mesenchymal Stem Cell-Derived Extracellular Matrix.,2022,ACS applied materials & interfaces,10.1021/acsami.2c01709,endothelium,Medium,Added endothelial core from medium-priority screen,not_started,,,,,,,,,,,,,,,,,,,,,,,,,,
PUBMED_0588,36080636,Customizable Collagen Vitrigel Membranes and Preliminary Results in Corneal Engineering.,2022,Polymers,10.3390/polym14173556,endothelium,Medium,Added endothelial core from medium-priority screen,not_started,,,,,,,,,,,,,,,,,,,,,,,,,,
PUBMED_0777,38780042,Alginate Hydrogel Integrated with a Human Fibroblast-Derived Extracellular Matrix Supports Corneal Endothelial Cell Functionality and Suppresses Endothelial-Mesenchymal Transition.,2024,ACS biomaterials science & engineering,10.1021/acsbiomaterials.4c00040,endothelium,Medium,Added endothelial core from medium-priority screen,not_started,,,,,,,,,,,,,,,,,,,,,,,,,,
PUBMED_0910,40221533,Tissue engineered corneal endothelium transplantation in an ex vivo human cornea organ culture model.,2025,Scientific reports,10.1038/s41598-025-96494-6,endothelium,Medium,Added endothelial core from medium-priority screen,not_started,,,,,,,,,,,,,,,,,,,,,,,,,,
PUBMED_0925,40366209,Addition of Microscale Topographies to Silk Fibroin Film Modulates Corneal Endothelial Cell Behavior.,2025,ACS biomaterials science & engineering,10.1021/acsbiomaterials.5c00200,endothelium,Medium,Added endothelial core from medium-priority screen,not_started,,,,,,,,,,,,,,,,,,,,,,,,,,
PUBMED_0940,40536661,Corneal Endothelium Regeneration with Decellularized Porcine Corneal Extracellular Matrix Scaffolds.,2025,Tissue engineering and regenerative medicine,10.1007/s13770-025-00734-9,endothelium,Medium,Added endothelial core from medium-priority screen,not_started,,,,,,,,,,,,,,,,,,,,,,,,,,
PUBMED_0981,40986463,Tissue-Engineered Endothelial Keratoplasty with Controlled Cell Density: Toward Super TEEKs.,2025,Tissue engineering. Part A,10.1177/19373341251381346,endothelium,Medium,Added endothelial core from medium-priority screen,not_started,,,,,,,,,,,,,,,,,,,,,,,,,,
PUBMED_0021,29281419,Electro-spun Membranes as Scaffolds for Human Corneal Endothelial Cells.,2018,Current eye research,10.1080/02713683.2017.1377258,endothelium,Medium,Added endothelial core from medium-priority screen,completed,experimental biomaterial / scaffold comparison study (in vitro),endothelium,electrospun synthetic polymer scaffolds,"poly(methyl-methacrylate) (PMMA), poly(lactic-co-glycolic acid) (PLGA), polycaprolactone (PCL) - three scaffolds compared head-to-head","electrospinning of PMMA, PLGA, and PCL under equal spinning parameters",electrospun nanofibrous/microfibrous mesh scaffolds,HCEC-12 (immortalized human corneal endothelial cell line),human (cell line),none reported,yes,Light transmission measured as part of scaffold evaluation (method stated; comparative numeric transmittance values not given in abstract).,yes,"Fiber diameter: PMMA 2.99+/-0.24 um, PCL 2.29+/-0.11 um, PLGA 1.84+/-0.21 um (PMMA>PCL p=0.003, PCL>PLGA p=0.002). Interstitial/pore spacing (porometry): PMMA 26.77+/-17.48 um, PCL 13.30+/-5.47 um, PLGA 10.42+/-6.15 um (PMMA vs PCL p=0.04, PMMA vs PLGA p=0.002, PCL vs PLGA not significant p=0.26).",yes,"SEM: only PLGA preserved normal HCEC-12 morphology. Live/dead staining and cell viability assay at 7 days: PLGA vs PCL no significant difference in cell number/death/viability; PMMA significantly more cytotoxic (p<0.001) - viability PLGA 1626.2+/-183.8 RLU, PCL 1580.2+/-171.02 RLU, PMMA 841.9+/-92.7 RLU.",yes,no,no,no,3-7 days in vitro culture,"Head-to-head comparison of three electrospun polymers for corneal endothelial scaffolds: PLGA and PCL were equally biocompatible and non-cytotoxic, while PMMA was significantly cytotoxic; only PLGA preserved normal HCEC-12 morphology, making it the most promising candidate for tissue-engineered endothelial graft (TEEG) construction among the three.","Immortalized cell line (HCEC-12), not primary human corneal endothelial cells; in vitro only; short follow-up (up to 7 days); comparative light transmission values described but not quantified in the abstract itself.",early preclinical (in vitro material screening),high,yes,"Retrieved via Europe PMC REST API (structured abstract; full text is subscription-required, DOI 10.1080/02713683.2017.1377258, Current Eye Research). Strong material-comparison data for the mechanical/biological benchmarking domains; useful direct three-way polymer comparison, unusual among Tier 1 records so far."
PUBMED_0034,29430874,Characterizing human decellularized crystalline lens capsules as a scaffold for corneal endothelial tissue engineering.,2018,Journal of tissue engineering and regenerative medicine,10.1002/term.2633,endothelium,Medium,Added endothelial core from medium-priority screen,not_started,,,,,,,,,,,,,,,,,,,,,,,,,,
PUBMED_0068,29853917,Fish Scale-Derived Scaffolds for Culturing Human Corneal Endothelial Cells.,2018,Stem cells international,10.1155/2018/8146834,endothelium,Medium,Added endothelial core from medium-priority screen,not_started,,,,,,,,,,,,,,,,,,,,,,,,,,
PUBMED_0171,31258659,Ex vivo construction of rabbit corneal endothelial cell sheets on a porcine descemet membrane graft.,2019,Experimental and therapeutic medicine,10.3892/etm.2019.7573,endothelium,Medium,Added endothelial core from medium-priority screen,not_started,,,,,,,,,,,,,,,,,,,,,,,,,,
PUBMED_0537,35358736,Construction of tissue-engineered human corneal endothelium for corneal endothelial regeneration using a crosslinked amniotic membrane scaffold.,2022,Acta biomaterialia,10.1016/j.actbio.2022.03.039,endothelium,Medium,Added endothelial core from medium-priority screen,not_started,,,,,,,,,,,,,,,,,,,,,,,,,,
PUBMED_0649,37023465,In Vitro Profiling of the Extracellular Matrix and Integrins Expressed by Human Corneal Endothelial Cells Cultured on Silk Fibroin-Based Matrices.,2023,ACS biomaterials science & engineering,10.1021/acsbiomaterials.2c01566,endothelium,Medium,Added endothelial core from medium-priority screen,not_started,,,,,,,,,,,,,,,,,,,,,,,,,,
PUBMED_0827,39386038,The time dependent influence of curvature and topography of biomaterials in the behavior of corneal endothelial cells.,2024,Frontiers in bioengineering and biotechnology,10.3389/fbioe.2024.1454675,endothelium,Medium,Added endothelial core from medium-priority screen,not_started,,,,,,,,,,,,,,,,,,,,,,,,,,
PUBMED_0165,31174988,Native means of graft stabilization: Host descemetic scaffolding and wound scaffolding to decrease the risk for graft detachment in DMEK and PDEK.,2019,Journal of cataract and refractive surgery,10.1016/j.jcrs.2019.03.015,endothelium,Medium,Added endothelial core from medium-priority screen,not_started,,,,,,,,,,,,,,,,,,,,,,,,,,
PUBMED_0303,32603022,Designer Descemet Membranes Containing PDLLA and Functionalized Gelatins as Corneal Endothelial Scaffold.,2020,Advanced healthcare materials,10.1002/adhm.202000760,endothelium,Medium,Added endothelial core from medium-priority screen,not_started,,,,,,,,,,,,,,,,,,,,,,,,,,
PUBMED_0010,29040119,Prospective Clinical Trial of Corneal Reconstruction With Biomaterial-Free Cultured Oral Mucosal Epithelial Cell Sheets.,2018,Cornea,10.1097/ICO.0000000000001409,epithelium_limbus,Medium,Added epithelium/limbus core from medium-priority screen,not_started,,,,,,,,,,,,,,,,,,,,,,,,,,
PUBMED_0099,30279555,Comparative study of substrate free and amniotic membrane scaffolds for cultivation of limbal epithelial sheet.,2018,Scientific reports,10.1038/s41598-018-32914-0,epithelium_limbus,Medium,Added epithelium/limbus core from medium-priority screen,not_started,,,,,,,,,,,,,,,,,,,,,,,,,,
PUBMED_0359,33210832,Transplantation of human corneal limbal epithelial cell sheet harvested on synthesized carboxymethyl cellulose and dopamine in a limbal stem cell deficiency.,2021,Journal of tissue engineering and regenerative medicine,10.1002/term.3159,epithelium_limbus,Medium,Added epithelium/limbus core from medium-priority screen,not_started,,,,,,,,,,,,,,,,,,,,,,,,,,
PUBMED_0447,34302219,cG-CAOMECS-clinical-grade cultured autologous oral mucosal epithelial cell sheet.,2021,Cell and tissue research,10.1007/s00441-021-03507-7,epithelium_limbus,Medium,Added epithelium/limbus core from medium-priority screen,not_started,,,,,,,,,,,,,,,,,,,,,,,,,,
PUBMED_0799,39050175,The effect of cultured autologous oral mucosal epithelial cells on ocular surface reconstruction.,2024,Archives of medical science : AMS,10.5114/aoms/115576,epithelium_limbus,Medium,Added epithelium/limbus core from medium-priority screen,not_started,,,,,,,,,,,,,,,,,,,,,,,,,,
PUBMED_0843,39558722,Proliferation and differentiation of Wharton's jelly-derived mesenchymal stem cells on prgf-treated hydrogel scaffold.,2024,Regenerative medicine,10.1080/17460751.2024.2427513,epithelium_limbus,Medium,Added epithelium/limbus core from medium-priority screen,not_started,,,,,,,,,,,,,,,,,,,,,,,,,,
PUBMED_0963,40777142,"Corneal surface reconstruction for the chemical injured eye by transplanting autologous cultivated limbal epithelial sheet ""Nepic(®)"".",2025,Fujita medical journal,10.20407/fmj.2024-031,epithelium_limbus,Medium,Added epithelium/limbus core from medium-priority screen,not_started,,,,,,,,,,,,,,,,,,,,,,,,,,
PUBMED_0987,41068622,Limbal stem cell sheet bandage for short-term treatment of corneal regeneration.,2025,BMC ophthalmology,10.1186/s12886-025-04417-w,epithelium_limbus,Medium,Added epithelium/limbus core from medium-priority screen,not_started,,,,,,,,,,,,,,,,,,,,,,,,,,
PUBMED_0056,29691018,Carboxymethyl chitosan/gelatin/hyaluronic acid blended-membranes as epithelia transplanting scaffold for corneal wound healing.,2018,Carbohydrate polymers,10.1016/j.carbpol.2018.03.033,epithelium_limbus,Medium,Added epithelium/limbus core from medium-priority screen,not_started,,,,,,,,,,,,,,,,,,,,,,,,,,
PUBMED_0120,30548137,An in situ hydrogel based on carboxymethyl chitosan and sodium alginate dialdehyde for corneal wound healing after alkali burn.,2019,Journal of biomedical materials research. Part A,10.1002/jbm.a.36589,epithelium_limbus,Medium,Added epithelium/limbus core from medium-priority screen,not_started,,,,,,,,,,,,,,,,,,,,,,,,,,
PUBMED_0128,30652765,Amniotic membrane as a biological scaffold for dental pulp stem cell transplantation in ocular surface reconstruction.,2019,Arquivos brasileiros de oftalmologia,10.5935/0004-2749.20190009,epithelium_limbus,Medium,Added epithelium/limbus core from medium-priority screen,not_started,,,,,,,,,,,,,,,,,,,,,,,,,,
PUBMED_0182,31400069,Bioengineered corneal epithelial cell sheet from mesenchymal stem cells-A functional alternative to limbal stem cells for ocular surface reconstruction.,2020,"Journal of biomedical materials research. Part B, Applied biomaterials",10.1002/jbm.b.34455,epithelium_limbus,Medium,Added epithelium/limbus core from medium-priority screen,not_started,,,,,,,,,,,,,,,,,,,,,,,,,,
PUBMED_0241,31988856,Propagation of limbal stem cells on polycaprolactone and polycaprolactone/gelatin fibrous scaffolds and transplantation in animal model.,2020,BioImpacts : BI,10.15171/bi.2020.06,epithelium_limbus,Medium,Added epithelium/limbus core from medium-priority screen,not_started,,,,,,,,,,,,,,,,,,,,,,,,,,
PUBMED_0300,32572811,Peripheral Blood As a Source of Stem Cells for Regenerative Medicine: Emphasis Towards Corneal Epithelial Reconstruction-An In Vitro Study.,2020,Tissue engineering and regenerative medicine,10.1007/s13770-020-00273-5,epithelium_limbus,Medium,Added epithelium/limbus core from medium-priority screen,not_started,,,,,,,,,,,,,,,,,,,,,,,,,,
PUBMED_0314,32710961,Tissue engineered corneal epithelium derived from clinical-grade human embryonic stem cells.,2020,The ocular surface,10.1016/j.jtos.2020.07.009,epithelium_limbus,Medium,Added epithelium/limbus core from medium-priority screen,not_started,,,,,,,,,,,,,,,,,,,,,,,,,,
PUBMED_0320,32781567,Poly(ε-caprolactone) Titanium Dioxide and Cefuroxime Antimicrobial Scaffolds for Cultivation of Human Limbal Stem Cells.,2020,Polymers,10.3390/polym12081758,epithelium_limbus,Medium,Added epithelium/limbus core from medium-priority screen,not_started,,,,,,,,,,,,,,,,,,,,,,,,,,
PUBMED_0558,35750044,"Long-term survival in non-human primates of stem cell-derived, MHC-unmatched corneal epithelial cell sheets.",2022,Stem cell reports,10.1016/j.stemcr.2022.05.018,epithelium_limbus,Medium,Added epithelium/limbus core from medium-priority screen,not_started,,,,,,,,,,,,,,,,,,,,,,,,,,
PUBMED_0623,36708851,Highly stable fibronectin-mimetic-peptide-based supramolecular hydrogel to accelerate corneal wound healing.,2023,Acta biomaterialia,10.1016/j.actbio.2023.01.047,epithelium_limbus,Medium,Added epithelium/limbus core from medium-priority screen,not_started,,,,,,,,,,,,,,,,,,,,,,,,,,
PUBMED_0632,36772078,Detection of Limbal Stem Cells Adhered to Melt Electrospun Silk Fibroin and Gelatin-Modified Polylactic Acid Scaffolds.,2023,Polymers,10.3390/polym15030777,epithelium_limbus,Medium,Added epithelium/limbus core from medium-priority screen,not_started,,,,,,,,,,,,,,,,,,,,,,,,,,
PUBMED_0819,39298836,Phytic acid-loaded polyvinyl alcohol hydrogel promotes wound healing of injured corneal epithelium through inhibiting ferroptosis.,2024,Redox biology,10.1016/j.redox.2024.103354,epithelium_limbus,Medium,Added epithelium/limbus core from medium-priority screen,not_started,,,,,,,,,,,,,,,,,,,,,,,,,,
PUBMED_0908,40168696,Decellularized human amniotic member hydrogel promotes limbal stem cells proliferation.,2025,"Colloids and surfaces. B, Biointerfaces",10.1016/j.colsurfb.2025.114656,epithelium_limbus,Medium,Added epithelium/limbus core from medium-priority screen,not_started,,,,,,,,,,,,,,,,,,,,,,,,,,
PUBMED_0933,40444446,Chirality Regulates Stem Cell Fate and Promotes Corneal Epithelial Regeneration via Manipulating Notch Pathway.,2025,"Advanced science (Weinheim, Baden-Wurttemberg, Germany)",10.1002/advs.202504732,epithelium_limbus,Medium,Added epithelium/limbus core from medium-priority screen,not_started,,,,,,,,,,,,,,,,,,,,,,,,,,
PUBMED_0937,40451552,"Topical delivery of cultivated limbal stem cells via porous photocurable hydrogel: A noninvasive, convenient, and efficient stem cells delivery strategy for limbal stem cell deficiency.",2025,Journal of controlled release : official journal of the Controlled Release Society,10.1016/j.jconrel.2025.113900,epithelium_limbus,Medium,Added epithelium/limbus core from medium-priority screen,not_started,,,,,,,,,,,,,,,,,,,,,,,,,,
PUBMED_1071,42032346,Surface modified electrospun scaffold supports iPSC-derived limbal stem cell function.,2026,npj biomedical innovations,10.1038/s44385-026-00066-w,epithelium_limbus,Medium,Added epithelium/limbus core from medium-priority screen,not_started,,,,,,,,,,,,,,,,,,,,,,,,,,
PUBMED_0131,30716697,Poly-l/dl-lactic acid films functionalized with collagen IV as carrier substrata for corneal epithelial stem cells.,2019,"Colloids and surfaces. B, Biointerfaces",10.1016/j.colsurfb.2019.01.054,epithelium_limbus,Medium,Added epithelium/limbus core from medium-priority screen,not_started,,,,,,,,,,,,,,,,,,,,,,,,,,
PUBMED_0202,31545477,Culture and characterization of human dental pulp‑derived stem cells as limbal stem cells for corneal damage repair.,2019,Molecular medicine reports,10.3892/mmr.2019.10691,epithelium_limbus,Medium,Added epithelium/limbus core from medium-priority screen,not_started,,,,,,,,,,,,,,,,,,,,,,,,,,
PUBMED_0302,32599277,Long-term outcomes of cultivated cell sheet transplantation for treating total limbal stem cell deficiency.,2020,The ocular surface,10.1016/j.jtos.2020.06.005,epithelium_limbus,Medium,Added epithelium/limbus core from medium-priority screen,not_started,,,,,,,,,,,,,,,,,,,,,,,,,,
PUBMED_0477,34620226,Long-term survival of cultivated oral mucosal epithelial cells in human cornea: generating cell sheets using an animal product-free culture protocol.,2021,Stem cell research & therapy,10.1186/s13287-021-02564-7,epithelium_limbus,Medium,Added epithelium/limbus core from medium-priority screen,not_started,,,,,,,,,,,,,,,,,,,,,,,,,,
PUBMED_0571,35894700,Biofunctional peptide-click PEG-based hydrogels as 3D cell scaffolds for corneal epithelial regeneration.,2022,Journal of materials chemistry. B,10.1039/d2tb00983h,epithelium_limbus,Medium,Added epithelium/limbus core from medium-priority screen,not_started,,,,,,,,,,,,,,,,,,,,,,,,,,
PUBMED_0630,36736434,Clinical Trial of Autologous Cultivated Limbal Epithelial Cell Sheet Transplantation for Patients with Limbal Stem Cell Deficiency.,2023,Ophthalmology,10.1016/j.ophtha.2023.01.016,epithelium_limbus,Medium,Added epithelium/limbus core from medium-priority screen,not_started,,,,,,,,,,,,,,,,,,,,,,,,,,
PUBMED_0671,37273984,Personalized 3D-printed amniotic fornical ring for ocular surface reconstruction.,2023,International journal of bioprinting,10.18063/ijb.713,epithelium_limbus,Medium,Added epithelium/limbus core from medium-priority screen,not_started,,,,,,,,,,,,,,,,,,,,,,,,,,
PUBMED_0694,37486330,Plasma fibrin membranes loaded with bone marrow mesenchymal stem cells and corneal epithelial cells promote corneal injury healing via attenuating inflammation and fibrosis after corneal burns.,2023,Biomaterials science,10.1039/d3bm00713h,epithelium_limbus,Medium,Added epithelium/limbus core from medium-priority screen,not_started,,,,,,,,,,,,,,,,,,,,,,,,,,
PUBMED_0832,39425087,Comparative evaluation of autologous tissue-engineered ocular and oral mucosal tissue grafts- a prospective randomized controlled trial.,2024,BMC biotechnology,10.1186/s12896-024-00876-z,epithelium_limbus,Medium,Added epithelium/limbus core from medium-priority screen,not_started,,,,,,,,,,,,,,,,,,,,,,,,,,
PUBMED_0863,39768260,"Development of Biomimetic Substrates for Limbal Epithelial Stem Cells Using Collagen-Based Films, Hyaluronic Acid, Immortalized Cells, and Macromolecular Crowding.",2024,"Life (Basel, Switzerland)",10.3390/life14121552,epithelium_limbus,Medium,Added epithelium/limbus core from medium-priority screen,not_started,,,,,,,,,,,,,,,,,,,,,,,,,,
PUBMED_0485,34684011,Generation of a Biomimetic Substitute of the Corneal Limbus Using Decellularized Scaffolds.,2021,Pharmaceutics,10.3390/pharmaceutics13101718,epithelium_limbus,Medium,Added epithelium/limbus core from medium-priority screen,not_started,,,,,,,,,,,,,,,,,,,,,,,,,,
PUBMED_0745,38355568,The application of a 4D-printed chitosan-based stem cell carrier for the repair of corneal alkali burns.,2024,Stem cell research & therapy,10.1186/s13287-024-03653-z,epithelium_limbus,Medium,Added epithelium/limbus core from medium-priority screen,not_started,,,,,,,,,,,,,,,,,,,,,,,,,,
PUBMED_0779,38803982,Electrospun poly(l-lactide-co-dl-lactide) nanofibrous scaffold as substrate for ex vivo limbal epithelial cell cultivation.,2024,Heliyon,10.1016/j.heliyon.2024.e30970,epithelium_limbus,Medium,Added epithelium/limbus core from medium-priority screen,not_started,,,,,,,,,,,,,,,,,,,,,,,,,,
PUBMED_1035,41535560,Evaluation of dECM hydrogel-NAP on 3D organotypic human corneal epithelium in diabetic keratopathy model.,2026,Scientific reports,10.1038/s41598-026-36316-5,epithelium_limbus,Medium,Added epithelium/limbus core from medium-priority screen,not_started,,,,,,,,,,,,,,,,,,,,,,,,,,
PUBMED_1083,38513048,Cornea-Specific Human Adipose Stem Cell-Derived Extracellular Matrix for Corneal Stroma Tissue Engineering,2024,ACS Applied Materials & Interfaces,10.1021/acsami.3c17803,stroma,High,Manually added - Consensus snowball check,completed,experimental biomaterial / bioprinting study (in vitro),stroma,cell-derived extracellular matrix (dECM) bioink,"human adipose stem cell-derived corneal stromal keratocyte (hASC-CSK) decellularized ECM, formulated as a corneal stroma-specific bioink","hASC differentiation toward corneal stromal keratocytes (14 days), ECM collection and decellularization, formulated into bioink, 3D bioprinted",3D bioprinted structures / printed grids from dECM-based bioink,human adipose stem cell-derived corneal stromal keratocytes (hASC-CSKs),human adipose tissue-derived stem cells (donor-cornea-independent source),"none exogenous; matrix proteins produced endogenously (collagen I, V, lumican, keratocan)",yes,"Transparency of printed bioink structures assessed visually immediately after printing and after 7 days in PBS, and for cell-laden constructs at 10 days postprinting; qualitative/visual assessment, no numeric transmittance value in abstract.",yes,"Shear-thinning rheological properties (frequency sweeps, n=4); printability and shape fidelity assessed via filament thickness and pore factor immediately and after 7 days in PBS (no significant difference, i.e. dimensionally stable).",yes,"DNA quantification confirmed decellularization efficacy (p<0.05 reduction); western blot/IF confirmed retained collagen I, V, lumican, keratocan; postprinting cell viability good at 1 and 7 days; connexin 43 expression at day 10 (cell-cell junctions); low immunogenicity vs fibrin control in hPBMC proliferation assay.",yes,no,no,no,up to 10 days postprinting (viability/transparency); 7 days PBS immersion (printability stability),"Donor-cornea-free, cornea-specific ECM engineered from human adipose stem cells differentiated into stromal keratocytes; used as a bioink component for 3D-printed corneal stroma structures with good printability, shape fidelity, low immunogenicity, adequate transparency, and good postprinting cell viability.","In vitro only, no animal or clinical validation of the bioprinted construct; transparency reported qualitatively, not as numeric transmittance; conflict of interest disclosed (pending patent on the bioink).",early preclinical (in vitro); clinically-precedented cell source (hASCs already used in corneal stromal clinical trials) is a translational strength,high,yes,Added via Consensus supplementary snowball check (protocol v0.2). Full open-access text available via PMC10995904. Strong candidate for the manufacturing-scalability / donor-independence translational bottleneck discussion.
PUBMED_1084,38534529,Femtosecond Laser Cutting of Human Crystalline Lens Capsule and Decellularization for Corneal Endothelial Bioengineering,2024,Bioengineering (Basel),10.3390/bioengineering11030255,endothelium,High,Manually added - Consensus snowball check,completed,experimental biomaterial / carrier fabrication and decellularization study (in vitro),endothelium,decellularized biological tissue carrier,"human anterior lens capsule, femtosecond-laser cut into 8 mm discs","femtosecond laser cutting of whole human lenses using a custom lens holder (8 mm cut diameter), followed by decellularization via water immersion (3 days)","thin transparent decellularized disc carrier, 8 mm diameter, with orientation marks",corneal endothelial cells (CECs) seeded post-decellularization,human lens capsule as acellular carrier; CECs seeded to form tissue-engineered endothelial keratoplasty (TEEK) constructs,none reported,yes,Transparency assessed via backlit chart; discs described as 'hardly visible' (i.e. transparent). No numeric transmittance percentage given in abstract/figure captions reviewed.,partial,OCT imaging confirmed lens stability during laser cutting; no explicit tensile/modulus mechanical testing reported.,yes,"DiOC6/DAPI staining and DNA PCR quantification confirmed effective decellularization after 3 days; viability/mortality assay (Hoechst, Ethidium homodimer, Calcein-AM) at 4 weeks; CD166 and NCAM (CD56) immunolabeling confirmed endothelial marker expression; cells viable after 27 days culture.",yes,no,no,no,up to 27-28 days in vitro culture,"Femtosecond laser cutting produced standardized, reproducible transparent decellularized human lens capsule discs; complete decellularization after 3 days; discs supported corneal endothelial cell seeding with viable, marker-positive TEEK constructs for at least 27 days.",In vitro only in this paper (companion papers by the same group extend to animal TEEK models); mechanical properties not quantitatively benchmarked; still relies on human donor lens tissue.,early preclinical (in vitro carrier fabrication and validation),high,yes,"Added via Consensus supplementary snowball check (protocol v0.2). Full open-access text via PMC10968626. Same group (Thuret/Gain, Jean Monnet University) has related TEEK animal-model papers (Crouzet 2022, Aouimeur 2025/2026) surfaced in the same Consensus search - check during further Tier 1 retrieval whether these are already in the corpus."
