screening_id,pmid,title,year,journal,doi,corneal_layer,priority_level,final_core_status,study_type,target_layer_final,biomaterial_category,specific_materials,fabrication_method,scaffold_architecture,cell_type_used,cell_source,growth_factors_or_bioactive_agents,optical_transparency_reported,optical_metric_details,mechanical_testing_reported,mechanical_metric_details,biological_testing_reported,biological_metric_details,in_vitro_model,ex_vivo_model,animal_model,clinical_evidence,follow_up_duration,main_outcomes,main_limitations,translational_readiness_level,benchmarking_relevance,include_in_final_review,extraction_notes
PUBMED_0005,28613758,Neurotrophic Keratitis.,2026,,,multiple_layers,High,Provisional core - unresolved manual check,,,,,,,,,,,,,,,,,,,,,,,,,,
PUBMED_0008,29024376,"Evaluation of collagen foam, poly(l-lactic acid) nanofiber mesh, and decellularized matrices for corneal regeneration.",2018,"Journal of biomedical materials research. Part B, Applied biomaterials",10.1002/jbm.b.34022,stroma,High,Provisional core,,,,,,,,,,,,,,,,,,,,,,,,,,
PUBMED_0013,29128534,Development of gelatin/ascorbic acid cryogels for potential use in corneal stromal tissue engineering.,2018,Acta biomaterialia,10.1016/j.actbio.2017.11.018,stroma,High,Provisional core,,,,,,,,,,,,,,,,,,,,,,,,,,
PUBMED_0016,29176452,Collagen-Based Fillers as Alternatives to Cyanoacrylate Glue for the Sealing of Large Corneal Perforations.,2018,Cornea,10.1097/ICO.0000000000001459,stroma,High,Provisional core,,,,,,,,,,,,,,,,,,,,,,,,,,
PUBMED_0038,29495264,Engineering of Corneal Tissue through an Aligned PVA/Collagen Composite Nanofibrous Electrospun Scaffold.,2018,"Nanomaterials (Basel, Switzerland)",10.3390/nano8020124,multiple_layers,High,Provisional core,,,,,,,,,,,,,,,,,,,,,,,,,,
PUBMED_0045,29620862,Gelatin-Based Photocurable Hydrogels for Corneal Wound Repair.,2018,ACS applied materials & interfaces,10.1021/acsami.7b17054,epithelium_limbus,High,Provisional core,,,,,,,,,,,,,,,,,,,,,,,,,,
PUBMED_0049,29637812,Preserving Basement Membranes during Detachment of Cultivated Oral Mucosal Epithelial Cell Sheets for the Treatment of Total Bilateral Limbal Stem Cell Deficiency.,2018,Cell transplantation,10.1177/0963689717741140,multiple_layers,High,Provisional core,,,,,,,,,,,,,,,,,,,,,,,,,,
PUBMED_0060,29710848,Biofunctionalized Lysophosphatidic Acid/Silk Fibroin Film for Cornea Endothelial Cell Regeneration.,2018,"Nanomaterials (Basel, Switzerland)",10.3390/nano8050290,endothelium,High,Provisional core,,,,,,,,,,,,,,,,,,,,,,,,,,
PUBMED_0069,29883810,Cell-laden and orthogonal-multilayer tissue-engineered corneal stroma induced by a mechanical collagen microenvironment and transplantation in a rabbit model.,2018,Acta biomaterialia,10.1016/j.actbio.2018.06.005,stroma,High,Provisional core - unresolved manual check,,,,,,,,,,,,,,,,,,,,,,,,,,
PUBMED_0073,29978836,Decellularized corneal lenticule embedded compressed collagen: toward a suturable collagenous construct for limbal reconstruction.,2018,Biofabrication,10.1088/1758-5090/aad1a4,multiple_layers,High,Provisional core,,,,,,,,,,,,,,,,,,,,,,,,,,
PUBMED_0104,30323996,Universal Corneal Epithelial-Like Cells Derived from Human Embryonic Stem Cells for Cellularization of a Corneal Scaffold.,2018,Translational vision science & technology,10.1167/tvst.7.5.23,epithelium_limbus,High,Provisional core,,,,,,,,,,,,,,,,,,,,,,,,,,
PUBMED_0106,30339045,Evaluation of the Suitability of Biocompatible Carriers as Artificial Transplants Using Cultured Porcine Corneal Endothelial Cells.,2019,Current eye research,10.1080/02713683.2018.1536215,stroma,High,Provisional core,,,,,,,,,,,,,,,,,,,,,,,,,,
PUBMED_0144,30918800,Construction of a full-thickness human corneal substitute from anterior acellular porcine corneal matrix and human corneal cells.,2019,International journal of ophthalmology,10.18240/ijo.2019.03.01,multiple_layers,High,Provisional core,,,,,,,,,,,,,,,,,,,,,,,,,,
PUBMED_0145,30938102,TGF-β1-activated type 2 dendritic cells promote wound healing and induce fibroblasts to express tenascin c following corneal full-thickness hydrogel transplantation.,2019,Journal of tissue engineering and regenerative medicine,10.1002/term.2853,multiple_layers,High,Provisional core,,,,,,,,,,,,,,,,,,,,,,,,,,
PUBMED_0151,30989737,Construction of a high cell density human corneal endothelial equivalent and its transplantation in primate models.,2019,Xenotransplantation,10.1111/xen.12514,stroma,High,Provisional core - unresolved manual check,,,,,,,,,,,,,,,,,,,,,,,,,,
PUBMED_0152,30995622,Shear-induced alignment of collagen fibrils using 3D cell printing for corneal stroma tissue engineering.,2019,Biofabrication,10.1088/1758-5090/ab1a8b,stroma,High,Provisional core,,,,,,,,,,,,,,,,,,,,,,,,,,
PUBMED_0153,31009395,"Effects of Soft Toric, Rigid Gas-Permeable, and Mini-Scleral Lenses on Corneal Microstructure Using Confocal Microscopy.",2020,Eye & contact lens,10.1097/ICL.0000000000000612,multiple_layers,High,Provisional core - unresolved manual check,,,,,,,,,,,,,,,,,,,,,,,,,,
PUBMED_0175,31349505,Compressed collagen intermixed with cornea-derived decellularized extracellular matrix providing mechanical and biochemical niches for corneal stroma analogue.,2019,"Materials science & engineering. C, Materials for biological applications",10.1016/j.msec.2019.109837,multiple_layers,High,Provisional core,,,,,,,,,,,,,,,,,,,,,,,,,,
PUBMED_0177,31373143,Successful development and clinical translation of a novel anterior lamellar artificial cornea.,2019,Journal of tissue engineering and regenerative medicine,10.1002/term.2951,multiple_layers,High,Provisional core,,,,,,,,,,,,,,,,,,,,,,,,,,
PUBMED_0195,31507241,Methacrylated gelatin hydrogels as corneal stroma substitutes: in vivo study.,2019,Journal of biomaterials science. Polymer edition,10.1080/09205063.2019.1666236,stroma,High,Provisional core,,,,,,,,,,,,,,,,,,,,,,,,,,
PUBMED_0196,31514545,Development and Characterization of an Acellular Porcine Small Intestine Submucosa Scaffold for Use in Corneal Epithelium Tissue Engineering.,2020,Current eye research,10.1080/02713683.2019.1663386,multiple_layers,High,Provisional core,,,,,,,,,,,,,,,,,,,,,,,,,,
PUBMED_0201,31539656,Characterizing the impact of 2D and 3D culture conditions on the therapeutic effects of human mesenchymal stem cell secretome on corneal wound healing in vitro and ex vivo.,2019,Acta biomaterialia,10.1016/j.actbio.2019.09.022,multiple_layers,High,Provisional core - unresolved manual check,,,,,,,,,,,,,,,,,,,,,,,,,,
PUBMED_0205,31574405,Tissue adhesive hyaluronic acid hydrogels for sutureless stem cell delivery and regeneration of corneal epithelium and stroma.,2019,Biomaterials,10.1016/j.biomaterials.2019.119516,multiple_layers,High,Provisional core,,,,,,,,,,,,,,,,,,,,,,,,,,
PUBMED_0219,31692998,Matrix Metalloproteinase-Deactivating Contact Lens for Corneal Melting.,2019,ACS biomaterials science & engineering,10.1021/acsbiomaterials.8b01404,multiple_layers,High,Provisional core - unresolved manual check,,,,,,,,,,,,,,,,,,,,,,,,,,
PUBMED_0221,31746842,Cell loaded 3D bioprinted GelMA hydrogels for corneal stroma engineering.,2019,Biomaterials science,10.1039/c9bm01236b,stroma,High,Provisional core,,,,,,,,,,,,,,,,,,,,,,,,,,
PUBMED_0224,31751429,Treatment of corneal endothelial damage in a rabbit model with a bioengineered graft using human decellularized corneal lamina and cultured human corneal endothelium.,2019,PloS one,10.1371/journal.pone.0225480,stroma,High,Provisional core,,,,,,,,,,,,,,,,,,,,,,,,,,
PUBMED_0227,31811387,Cell Loaded GelMA:HEMA IPN hydrogels for corneal stroma engineering.,2019,Journal of materials science. Materials in medicine,10.1007/s10856-019-6345-4,stroma,High,Provisional core,,,,,,,,,,,,,,,,,,,,,,,,,,
PUBMED_0232,31867140,Confocal and Histological Features After Poly(Ethylene Glycol) Diacrylate Corneal Inlay Implantation.,2019,Translational vision science & technology,10.1167/tvst.8.6.39,multiple_layers,High,Provisional core - unresolved manual check,,,,,,,,,,,,,,,,,,,,,,,,,,
PUBMED_0240,31956817,Construction and Evaluation of Collagen-Based Corneal Grafts Using Polycaprolactone To Improve Tension Stress.,2020,ACS omega,10.1021/acsomega.9b03297,epithelium_limbus,High,Provisional core,,,,,,,,,,,,,,,,,,,,,,,,,,
PUBMED_0253,32097748,Multifunctional synthetic Bowman's membrane-stromal biomimetic for corneal reconstruction.,2020,Biomaterials,10.1016/j.biomaterials.2020.119880,multiple_layers,High,Provisional core,,,,,,,,,,,,,,,,,,,,,,,,,,
PUBMED_0255,32188843,Fiber reinforced GelMA hydrogel to induce the regeneration of corneal stroma.,2020,Nature communications,10.1038/s41467-020-14887-9,multiple_layers,High,Provisional core,,,,,,,,,,,,,,,,,,,,,,,,,,
PUBMED_0269,32343943,A core-skirt designed artificial cornea with orthogonal microfiber grid scaffold.,2020,Experimental eye research,10.1016/j.exer.2020.108037,stroma,High,Provisional core,,,,,,,,,,,,,,,,,,,,,,,,,,
PUBMED_0270,32363924,In Vitro Evaluation and Transplantation of Human Corneal Endothelial Cells Cultured on Biocompatible Carriers.,2020,Cell transplantation,10.1177/0963689720923577,stroma,High,Provisional core,,,,,,,,,,,,,,,,,,,,,,,,,,
PUBMED_0273,32368948,Engineering a Corneal Stromal Equivalent Using a Novel Multilayered Fabrication Assembly Technique.,2020,Tissue engineering. Part A,10.1089/ten.TEA.2020.0019,multiple_layers,High,Provisional core,,,,,,,,,,,,,,,,,,,,,,,,,,
PUBMED_0284,32504140,Stereolithography 3D Bioprinting Method for Fabrication of Human Corneal Stroma Equivalent.,2020,Annals of biomedical engineering,10.1007/s10439-020-02537-6,stroma,High,Provisional core,,,,,,,,,,,,,,,,,,,,,,,,,,
PUBMED_0285,32504216,Preparation of collagen/cellulose nanocrystals composite films and their potential applications in corneal repair.,2020,Journal of materials science. Materials in medicine,10.1007/s10856-020-06386-6,multiple_layers,High,Provisional core,,,,,,,,,,,,,,,,,,,,,,,,,,
PUBMED_0289,32526297,Corneal stromal regeneration by hybrid oriented poly (ε-caprolactone)/lyophilized silk fibroin electrospun scaffold.,2020,International journal of biological macromolecules,10.1016/j.ijbiomac.2020.06.045,stroma,High,Provisional core,,,,,,,,,,,,,,,,,,,,,,,,,,
PUBMED_0307,32652228,Biomimetic corneal stroma using electro-compacted collagen.,2020,Acta biomaterialia,10.1016/j.actbio.2020.07.004,stroma,High,Provisional core,,,,,,,,,,,,,,,,,,,,,,,,,,
PUBMED_0308,32652796,Decellularized human corneal stromal cell sheet as a novel matrix for ocular surface reconstruction.,2020,Journal of tissue engineering and regenerative medicine,10.1002/term.3103,multiple_layers,High,Provisional core,,,,,,,,,,,,,,,,,,,,,,,,,,
PUBMED_0317,32743953,Sustained Release of TPCA-1 from Silk Fibroin Hydrogels Preserves Keratocyte Phenotype and Promotes Corneal Regeneration by Inhibiting Interleukin-1β Signaling.,2020,Advanced healthcare materials,10.1002/adhm.202000591,multiple_layers,High,Provisional core,,,,,,,,,,,,,,,,,,,,,,,,,,
PUBMED_0329,32841745,Decellularized porcine cornea-derived hydrogels for the regeneration of epithelium and stroma in focal corneal defects.,2020,The ocular surface,10.1016/j.jtos.2020.07.020,multiple_layers,High,Provisional core - unresolved manual check,,,,,,,,,,,,,,,,,,,,,,,,,,
PUBMED_0344,33028837,In situ-forming collagen hydrogel crosslinked via multi-functional PEG as a matrix therapy for corneal defects.,2020,Scientific reports,10.1038/s41598-020-72978-5,multiple_layers,High,Provisional core,,,,,,,,,,,,,,,,,,,,,,,,,,
PUBMED_0346,33037282,A porous collagen-based hydrogel and implantation method for corneal stromal regeneration and sustained local drug delivery.,2020,Scientific reports,10.1038/s41598-020-73730-9,multiple_layers,High,Provisional core,,,,,,,,,,,,,,,,,,,,,,,,,,
PUBMED_0365,33288782,Deciphering the mechanoresponsive role of β-catenin in keratoconus epithelium.,2020,Scientific reports,10.1038/s41598-020-77138-3,multiple_layers,High,Provisional core,,,,,,,,,,,,,,,,,,,,,,,,,,
PUBMED_0381,33463211,Hybrid Cornea: Cell Laden Hydrogel Incorporated Decellularized Matrix.,2020,ACS biomaterials science & engineering,10.1021/acsbiomaterials.9b01286,stroma,High,Provisional core,,,,,,,,,,,,,,,,,,,,,,,,,,
PUBMED_0386,33538123,Cell sheet technology: Influence of culture conditions on in vitro-cultivated corneal stromal tissue for regenerative therapies of the ocular surface.,2021,"Journal of biomedical materials research. Part B, Applied biomaterials",10.1002/jbm.b.34808,stroma,High,Provisional core,,,,,,,,,,,,,,,,,,,,,,,,,,
PUBMED_0387,33542377,A decellularized human corneal scaffold for anterior corneal surface reconstruction.,2021,Scientific reports,10.1038/s41598-021-82678-3,multiple_layers,High,Provisional core,,,,,,,,,,,,,,,,,,,,,,,,,,
PUBMED_0388,33545838,Construction of bioengineered corneal stromal implants using an allogeneic cornea-derived matrix.,2021,"Materials science & engineering. C, Materials for biological applications",10.1016/j.msec.2020.111673,multiple_layers,High,Provisional core,,,,,,,,,,,,,,,,,,,,,,,,,,
PUBMED_0392,33586332,Limbal Stem Cells on Bacterial Nanocellulose Carriers for Ocular Surface Regeneration.,2021,"Small (Weinheim an der Bergstrasse, Germany)",10.1002/smll.202003937,epithelium_limbus,High,Provisional core,,,,,,,,,,,,,,,,,,,,,,,,,,
PUBMED_0395,33603277,Simultaneous Interpenetrating Polymer Network of Collagen and Hyaluronic Acid as an In Situ-Forming Corneal Defect Filler.,2020,Chemistry of materials : a publication of the American Chemical Society,10.1021/acs.chemmater.0c01307,multiple_layers,High,Provisional core,,,,,,,,,,,,,,,,,,,,,,,,,,
PUBMED_0398,33659091,Quantitative measurement of mechanical properties in wound healing processes in a corneal stroma model by using vibrational optical coherence elastography (OCE).,2021,Biomedical optics express,10.1364/BOE.404096,stroma,High,Provisional core,,,,,,,,,,,,,,,,,,,,,,,,,,
PUBMED_0406,33760451,Artificial Corneal Transplantation.,2026,,,multiple_layers,High,Provisional core - unresolved manual check,,,,,,,,,,,,,,,,,,,,,,,,,,
PUBMED_0408,33768381,"A novel human donor cornea preservation cocktail incorporating a thermo-reversible gelation polymer (TGP), enhancing the corneal endothelial cell density maintenance and explant culture of corneal limbal cells.",2021,Biotechnology letters,10.1007/s10529-021-03116-y,multiple_layers,High,Provisional core,,,,,,,,,,,,,,,,,,,,,,,,,,
PUBMED_0409,33782482,Biofabrication of chitosan/chitosan nanoparticles/polycaprolactone transparent membrane for corneal endothelial tissue engineering.,2021,Scientific reports,10.1038/s41598-021-86340-w,stroma,High,Provisional core,,,,,,,,,,,,,,,,,,,,,,,,,,
PUBMED_0419,33918484,Human Cadaveric Donor Cornea Derived Extra Cellular Matrix Microparticles for Minimally Invasive Healing/Regeneration of Corneal Wounds.,2021,Biomolecules,10.3390/biom11040532,multiple_layers,High,Provisional core,,,,,,,,,,,,,,,,,,,,,,,,,,
PUBMED_0422,33955160,Characterization of Tunable Poly-ε-Lysine-Based Hydrogels for Corneal Tissue Engineering.,2021,Macromolecular bioscience,10.1002/mabi.202100036,multiple_layers,High,Provisional core,,,,,,,,,,,,,,,,,,,,,,,,,,
PUBMED_0430,34061862,The effect of prior long-term recellularization with keratocytes of decellularized porcine corneas implanted in a rabbit anterior lamellar keratoplasty model.,2021,PloS one,10.1371/journal.pone.0245406,multiple_layers,High,Provisional core,,,,,,,,,,,,,,,,,,,,,,,,,,
PUBMED_0433,34119551,The effect of biodegradable silk fibroin-based scaffolds containing glial cell line-derived neurotrophic factor (GDNF) on the corneal regeneration process.,2021,International journal of biological macromolecules,10.1016/j.ijbiomac.2021.06.040,multiple_layers,High,Provisional core,,,,,,,,,,,,,,,,,,,,,,,,,,
PUBMED_0444,34252899,Fabrication and Characterization of Silk Fibroin-Based Nanofibrous Scaffolds Supplemented with Gelatin for Corneal Tissue Engineering.,2021,"Cells, tissues, organs",10.1159/000515946,stroma,High,Provisional core,,,,,,,,,,,,,,,,,,,,,,,,,,
PUBMED_0450,34330126,Bioprinting of dual ECM scaffolds encapsulating limbal stem/progenitor cells in active and quiescent statuses.,2021,Biofabrication,10.1088/1758-5090/ac1992,epithelium_limbus,High,Provisional core,,,,,,,,,,,,,,,,,,,,,,,,,,
PUBMED_0453,34400306,Hydrogels derived from acellular porcine corneal stroma enhance corneal wound healing.,2021,Acta biomaterialia,10.1016/j.actbio.2021.08.011,multiple_layers,High,Provisional core,,,,,,,,,,,,,,,,,,,,,,,,,,
PUBMED_0468,34537415,Supramolecular host-guest hyaluronic acid hydrogels enhance corneal wound healing through dynamic spatiotemporal effects.,2022,The ocular surface,10.1016/j.jtos.2021.09.002,multiple_layers,High,Provisional core,,,,,,,,,,,,,,,,,,,,,,,,,,
PUBMED_0482,34665455,Preparation and In Vitro Characterization of Gelatin Methacrylate for Corneal Tissue Engineering.,2022,Tissue engineering and regenerative medicine,10.1007/s13770-021-00393-6,stroma,High,Provisional core,,,,,,,,,,,,,,,,,,,,,,,,,,
PUBMED_0484,34677503,Preliminary Study on Fish Scale Collagen Lamellar Matrix as Artificial Cornea.,2021,Membranes,10.3390/membranes11100737,stroma,High,Provisional core,,,,,,,,,,,,,,,,,,,,,,,,,,
PUBMED_0499,34923312,Exosomes-loaded thermosensitive hydrogels for corneal epithelium and stroma regeneration.,2022,Biomaterials,10.1016/j.biomaterials.2021.121320,multiple_layers,High,Provisional core,,,,,,,,,,,,,,,,,,,,,,,,,,
PUBMED_0521,35120168,Bio-fabrication of stem-cell-incorporated corneal epithelial and stromal equivalents from silk fibroin and gelatin-based biomaterial for canine corneal regeneration.,2022,PloS one,10.1371/journal.pone.0263141,multiple_layers,High,Provisional core,,,,,,,,,,,,,,,,,,,,,,,,,,
PUBMED_0530,35229601,Tissue-Engineered Corneal Endothelial Sheets Using Ultrathin Acellular Porcine Corneal Stroma Substrates for Endothelial Keratoplasty.,2022,ACS biomaterials science & engineering,10.1021/acsbiomaterials.2c00039,stroma,High,Provisional core,,,,,,,,,,,,,,,,,,,,,,,,,,
PUBMED_0538,35362956,Scaffold-Free Strategy Using a PEG-Dextran Aqueous Two-Phase-System for Corneal Tissue Repair.,2022,ACS biomaterials science & engineering,10.1021/acsbiomaterials.1c01500,multiple_layers,High,Provisional core,,,,,,,,,,,,,,,,,,,,,,,,,,
PUBMED_0540,35386466,3D printed biomimetic epithelium/stroma bilayer hydrogel implant for corneal regeneration.,2022,Bioactive materials,10.1016/j.bioactmat.2022.01.034,multiple_layers,High,Provisional core,,,,,,,,,,,,,,,,,,,,,,,,,,
PUBMED_0544,35456684,Hydrogels as Corneal Stroma Substitutes for In Vitro Evaluation of Drug Ocular Permeation.,2022,Pharmaceutics,10.3390/pharmaceutics14040850,stroma,High,Provisional core,,,,,,,,,,,,,,,,,,,,,,,,,,
PUBMED_0547,35528407,Microgrooved collagen-based corneal scaffold for promoting collective cell migration and antifibrosis.,2019,RSC advances,10.1039/c9ra04009a,multiple_layers,High,Provisional core,,,,,,,,,,,,,,,,,,,,,,,,,,
PUBMED_0548,35562005,LM22B-10 promotes corneal nerve regeneration through in vitro 3D co-culture model and in vivo corneal injury model.,2022,Acta biomaterialia,10.1016/j.actbio.2022.05.010,multiple_layers,High,Provisional core,,,,,,,,,,,,,,,,,,,,,,,,,,
PUBMED_0556,35741104,P-Cadherin Is Expressed by Epithelial Progenitor Cells and Melanocytes in the Human Corneal Limbus.,2022,Cells,10.3390/cells11121975,multiple_layers,High,Provisional core - unresolved manual check,,,,,,,,,,,,,,,,,,,,,,,,,,
PUBMED_0560,35769102,Electron-Beam Irradiated Recombinant Human Collagen-Phosphorylcholine Corneal Implants Retain Pro-Regeneration Capacity.,2022,Frontiers in bioengineering and biotechnology,10.3389/fbioe.2022.883977,multiple_layers,High,Provisional core - unresolved manual check,,,,,,,,,,,,,,,,,,,,,,,,,,
PUBMED_0582,36040708,Natural Dual-Crosslinking Bioadhesive Hydrogel for Corneal Regeneration in Large-Size Defects.,2022,Advanced healthcare materials,10.1002/adhm.202201576,multiple_layers,High,Provisional core - unresolved manual check,,,,,,,,,,,,,,,,,,,,,,,,,,
PUBMED_0585,36063670,Reconstructing auto tissue engineering lamellar cornea with aspartic acid modified acellular porcine corneal stroma and preconditioned limbal stem cell for corneal regeneration.,2022,Biomaterials,10.1016/j.biomaterials.2022.121745,multiple_layers,High,Provisional core,,,,,,,,,,,,,,,,,,,,,,,,,,
PUBMED_0596,36239965,In Situ-Forming Collagen-Hyaluronate Semi-Interpenetrating Network Hydrogel Enhances Corneal Defect Repair.,2022,Translational vision science & technology,10.1167/tvst.11.10.22,multiple_layers,High,Provisional core,,,,,,,,,,,,,,,,,,,,,,,,,,
PUBMED_0601,36356877,Silk fibroin based interpenetrating network hydrogel for corneal stromal regeneration.,2022,International journal of biological macromolecules,10.1016/j.ijbiomac.2022.11.021,stroma,High,Provisional core,,,,,,,,,,,,,,,,,,,,,,,,,,
PUBMED_0602,36370413,An in vitro comparison of human corneal epithelial cell activity and inflammatory response on differently designed ocular amniotic membranes and a clinical case study.,2023,"Journal of biomedical materials research. Part B, Applied biomaterials",10.1002/jbm.b.35186,multiple_layers,High,Provisional core,,,,,,,,,,,,,,,,,,,,,,,,,,
PUBMED_0603,36416454,Electrospun-Reinforced Suturable Biodegradable Artificial Cornea.,2022,ACS applied bio materials,10.1021/acsabm.2c00751,stroma,High,Provisional core,,,,,,,,,,,,,,,,,,,,,,,,,,
PUBMED_0605,36458563,Use of Decellularized SMILE (Small-Incision Lenticule Extraction) Lenticules for Engineering the Corneal Endothelial Layer: A Proof-of-Concept.,2023,Current eye research,10.1080/02713683.2022.2151018,stroma,High,Provisional core,,,,,,,,,,,,,,,,,,,,,,,,,,
PUBMED_0606,36497012,Transcriptomic Landscape and Functional Characterization of Human Induced Pluripotent Stem Cell-Derived Limbal Epithelial Progenitor Cells.,2022,Cells,10.3390/cells11233752,multiple_layers,High,Provisional core,,,,,,,,,,,,,,,,,,,,,,,,,,
PUBMED_0616,36579828,Hyaluronic acid based next generation bioink for 3D bioprinting of human stem cell derived corneal stromal model with innervation.,2022,Biofabrication,10.1088/1758-5090/acab34,stroma,High,Provisional core,,,,,,,,,,,,,,,,,,,,,,,,,,
PUBMED_0620,36638943,An electrospun scaffold functionalized with a ROS-scavenging hydrogel stimulates ocular wound healing.,2023,Acta biomaterialia,10.1016/j.actbio.2023.01.016,multiple_layers,High,Provisional core - unresolved manual check,,,,,,,,,,,,,,,,,,,,,,,,,,
PUBMED_0626,36729619,Intracorneal Implantation of 3D Bioprinted Scaffolds Containing Mesenchymal Stromal Cells Using Femtosecond-Laser-Assisted Intrastromal Keratoplasty.,2023,Macromolecular bioscience,10.1002/mabi.202200422,stroma,High,Provisional core,,,,,,,,,,,,,,,,,,,,,,,,,,
PUBMED_0637,36844364,"A ""T.E.S.T."" hydrogel bioadhesive assisted by corneal cross-linking for in situ sutureless corneal repair.",2023,Bioactive materials,10.1016/j.bioactmat.2023.02.006,multiple_layers,High,Provisional core - unresolved manual check,,,,,,,,,,,,,,,,,,,,,,,,,,
PUBMED_0646,36989713,Successful restoration of corneal surface integrity with a tissue-engineered allogeneic implant in severe keratitis patients.,2023,Biomedicine & pharmacotherapy = Biomedecine & pharmacotherapie,10.1016/j.biopha.2023.114612,multiple_layers,High,Provisional core,,,,,,,,,,,,,,,,,,,,,,,,,,
PUBMED_0648,37019117,Digital light processing-bioprinted poly-NAGA-GelMA-based hydrogel lenticule for precise refractive errors correction.,2023,Biofabrication,10.1088/1758-5090/accaab,multiple_layers,High,Provisional core - unresolved manual check,,,,,,,,,,,,,,,,,,,,,,,,,,
PUBMED_0652,37056274,MiRNA 24-3p-rich exosomes functionalized DEGMA-modified hyaluronic acid hydrogels for corneal epithelial healing.,2023,Bioactive materials,10.1016/j.bioactmat.2022.07.011,multiple_layers,High,Provisional core,,,,,,,,,,,,,,,,,,,,,,,,,,
PUBMED_0663,37126648,Collagen Gels Crosslinked by Photoactivation of Riboflavin for the Repair and Regeneration of Corneal Defects.,2023,ACS applied bio materials,10.1021/acsabm.3c00015,epithelium_limbus,High,Provisional core,,,,,,,,,,,,,,,,,,,,,,,,,,
PUBMED_0672,37273996,3D bioprinting as a prospective therapeutic strategy for corneal limbal epithelial stem cell deficiency.,2023,International journal of bioprinting,10.18063/ijb.710,epithelium_limbus,High,Provisional core,,,,,,,,,,,,,,,,,,,,,,,,,,
PUBMED_0674,37282676,21 Denuded descemet's membrane as potential tool to support human embryonic stem cell derived retinal pigment epithelial cells culture.,2022,BMJ open ophthalmology,10.1136/bmjophth-2022-EEBA.21,multiple_layers,High,Provisional core,,,,,,,,,,,,,,,,,,,,,,,,,,
PUBMED_0684,37401723,Introducing Dynamicity: Engineering Stress Relaxation Into Hydrogels Via Thiol-Ene Modified Alginate for Mechanobiological in vitro Modeling of the Cornea.,2024,Macromolecular bioscience,10.1002/mabi.202300109,stroma,High,Provisional core,,,,,,,,,,,,,,,,,,,,,,,,,,
PUBMED_0688,37456580,"A suture-free, shape self-adaptive and bioactive PEG-Lysozyme implant for Corneal stroma defect repair and rapid vision restoration.",2023,Bioactive materials,10.1016/j.bioactmat.2023.05.008,multiple_layers,High,Provisional core - unresolved manual check,,,,,,,,,,,,,,,,,,,,,,,,,,
PUBMED_0690,37476050,Decellularized squid mantle scaffolds as tissue-engineered corneal stroma for promoting corneal regeneration.,2023,Bioengineering & translational medicine,10.1002/btm2.10531,multiple_layers,High,Provisional core,,,,,,,,,,,,,,,,,,,,,,,,,,
PUBMED_0699,37539164,A composite hydrogel membrane with shape and water retention for corneal tissue engineering.,2023,Heliyon,10.1016/j.heliyon.2023.e17950,stroma,High,Provisional core,,,,,,,,,,,,,,,,,,,,,,,,,,
PUBMED_0700,37555081,3D bioprinting of corneal decellularized extracellular matrix: GelMA composite hydrogel for corneal stroma engineering.,2023,International journal of bioprinting,10.18063/ijb.774,multiple_layers,High,Provisional core,,,,,,,,,,,,,,,,,,,,,,,,,,
PUBMED_0702,37594449,Application of Noggin-Coated Electrospun Scaffold in Corneal Wound Healing.,2023,Translational vision science & technology,10.1167/tvst.12.8.15,epithelium_limbus,High,Provisional core - unresolved manual check,,,,,,,,,,,,,,,,,,,,,,,,,,
PUBMED_0706,37669915,3D Bioprinting of Acellular Corneal Stromal Scaffolds with a Low Cost Modified 3D Printer: A Feasibility Study.,2023,Current eye research,10.1080/02713683.2023.2251172,stroma,High,Provisional core,,,,,,,,,,,,,,,,,,,,,,,,,,
PUBMED_0708,37721301,Chitosan-based thermosensitive hydrogel with long-term release of murine nerve growth factor for neurotrophic keratopathy.,2024,Neural regeneration research,10.4103/1673-5374.380908,multiple_layers,High,Provisional core - unresolved manual check,,,,,,,,,,,,,,,,,,,,,,,,,,
PUBMED_0709,37731910,"Optimization and evaluation of oxygen-plasma-modified, aligned, poly (Є-caprolactone) and silk fibroin nanofibrous scaffold for corneal stromal regeneration.",2023,Biomaterials and biosystems,10.1016/j.bbiosy.2023.100083,stroma,High,Provisional core,,,,,,,,,,,,,,,,,,,,,,,,,,
PUBMED_0710,37747759,Development of a Fully Synthetic Corneal Stromal Construct via Supramolecular Hydrogel Engineering.,2023,Advanced healthcare materials,10.1002/adhm.202301392,stroma,High,Provisional core,,,,,,,,,,,,,,,,,,,,,,,,,,
PUBMED_0719,37866722,A double-crosslinked nanocellulose-reinforced dexamethasone-loaded collagen hydrogel for corneal application and sustained anti-inflammatory activity.,2023,Acta biomaterialia,10.1016/j.actbio.2023.10.020,multiple_layers,High,Provisional core,,,,,,,,,,,,,,,,,,,,,,,,,,
PUBMED_0726,37988231,Biomimetic Corneal Stroma for Scarless Corneal Wound Healing via Structural Restoration and Microenvironment Modulation.,2024,Advanced healthcare materials,10.1002/adhm.202302889,multiple_layers,High,Provisional core,,,,,,,,,,,,,,,,,,,,,,,,,,
PUBMED_0730,38044579,A Versatile Hydrogel with Antibacterial and Sequential Drug-Releasing Capability for the Programmable Healing of Infectious Keratitis.,2023,ACS nano,10.1021/acsnano.3c09034,multiple_layers,High,Provisional core,,,,,,,,,,,,,,,,,,,,,,,,,,
PUBMED_0738,38226015,Novel strategy for multi-material 3D bioprinting of human stem cell based corneal stroma with heterogenous design.,2024,Materials today. Bio,10.1016/j.mtbio.2023.100924,stroma,High,Provisional core,,,,,,,,,,,,,,,,,,,,,,,,,,
PUBMED_0748,38413368,Application of multi-layer porcine small intestinal submucosa for the reconstruction of deep corneal defects in cats.,2025,Veterinary ophthalmology,10.1111/vop.13196,multiple_layers,High,Provisional core,,,,,,,,,,,,,,,,,,,,,,,,,,
PUBMED_0750,38428773,3D bioprinted photo crosslinkable GelMA/methylcellulose hydrogel mimicking native corneal model with enhanced in vitro cytocompatibility and sustained keratocyte phenotype for stromal regeneration.,2024,International journal of biological macromolecules,10.1016/j.ijbiomac.2024.130472,stroma,High,Provisional core,,,,,,,,,,,,,,,,,,,,,,,,,,
PUBMED_0754,38454966,3D printing sequentially strengthening high-strength natural polymer hydrogel bilayer scaffold for cornea regeneration.,2024,Regenerative biomaterials,10.1093/rb/rbae012,multiple_layers,High,Provisional core,,,,,,,,,,,,,,,,,,,,,,,,,,
PUBMED_0755,38466286,Substrate Stiffness Modulates Stemness and Differentiation of Rabbit Corneal Endothelium Through the Paxillin-YAP Pathway.,2024,Investigative ophthalmology & visual science,10.1167/iovs.65.3.15,multiple_layers,High,Provisional core,,,,,,,,,,,,,,,,,,,,,,,,,,
PUBMED_0757,38471165,Biopolymeric corneal lenticules by digital light processing based bioprinting: a dynamic substitute for corneal transplant.,2024,"Biomedical materials (Bristol, England)",10.1088/1748-605X/ad3312,multiple_layers,High,Provisional core,,,,,,,,,,,,,,,,,,,,,,,,,,
PUBMED_0759,38472685,Hydrogels Based on Recombinant Spidroin Stimulate Proliferation and Migration of Human Corneal Cells.,2023,"Doklady biological sciences : proceedings of the Academy of Sciences of the USSR, Biological sciences sections",10.1134/S0012496623600173,multiple_layers,High,Provisional core,,,,,,,,,,,,,,,,,,,,,,,,,,
PUBMED_0761,38486306,Bioprinting of human pluripotent stem cell derived corneal endothelial cells with hydrazone crosslinked hyaluronic acid bioink.,2024,Stem cell research & therapy,10.1186/s13287-024-03672-w,endothelium,High,Provisional core,,,,,,,,,,,,,,,,,,,,,,,,,,
PUBMED_0764,38507802,3D bioprinting of stromal cells-laden artificial cornea based on visible light-crosslinkable bioinks forming multilength networks.,2024,Biofabrication,10.1088/1758-5090/ad35eb,stroma,High,Provisional core,,,,,,,,,,,,,,,,,,,,,,,,,,
PUBMED_0770,38646166,Kuragel: A biomimetic hydrogel scaffold designed to promote corneal regeneration.,2024,iScience,10.1016/j.isci.2024.109641,multiple_layers,High,Provisional core,,,,,,,,,,,,,,,,,,,,,,,,,,
PUBMED_0774,38750781,Cell spray printing combined with Lycium barbarum glycopeptide promotes repair of corneal epithelial injury.,2024,Experimental eye research,10.1016/j.exer.2024.109928,epithelium_limbus,High,Provisional core,,,,,,,,,,,,,,,,,,,,,,,,,,
PUBMED_0775,38750850,The combined effect of epidermal growth factor and keratinocyte growth factor delivered by hyaluronic acid hydrogel on corneal wound healing.,2024,International journal of biological macromolecules,10.1016/j.ijbiomac.2024.132365,multiple_layers,High,Provisional core,,,,,,,,,,,,,,,,,,,,,,,,,,
PUBMED_0797,39022184,Photoactivated growth factor release from bio-orthogonally crosslinked hydrogels for the regeneration of corneal defects.,2024,Bioactive materials,10.1016/j.bioactmat.2024.05.045,multiple_layers,High,Provisional core,,,,,,,,,,,,,,,,,,,,,,,,,,
PUBMED_0802,39075142,A novel tissue-engineered corneal epithelium based on ultra-thin amniotic membrane and mesenchymal stem cells.,2024,Scientific reports,10.1038/s41598-024-68219-8,multiple_layers,High,Provisional core,,,,,,,,,,,,,,,,,,,,,,,,,,
PUBMED_0804,39096155,Fabrication of GelMA - Agarose Based 3D Bioprinted Photocurable Hydrogel with In Vitro Cytocompatibility and Cells Mirroring Natural Keratocytes for Corneal Stromal Regeneration.,2024,Macromolecular bioscience,10.1002/mabi.202400136,stroma,High,Provisional core,,,,,,,,,,,,,,,,,,,,,,,,,,
PUBMED_0805,39101028,Oriented cellulose hydrogel: Directed tissue regeneration for reducing corneal leukoplakia and managing fungal corneal ulcers.,2024,Bioactive materials,10.1016/j.bioactmat.2024.07.008,stroma,High,Provisional core,,,,,,,,,,,,,,,,,,,,,,,,,,
PUBMED_0806,39106436,"In Situ-Forming, Bioorthogonally Cross-linked, Nanocluster-Reinforced Hydrogel for the Regeneration of Corneal Defects.",2024,ACS nano,10.1021/acsnano.4c02345,multiple_layers,High,Provisional core,,,,,,,,,,,,,,,,,,,,,,,,,,
PUBMED_0812,39169887,Granular polyrotaxane microgels as injectable hydrogels for corneal tissue regeneration.,2024,Biomaterials science,10.1039/d4bm00409d,stroma,High,Provisional core,,,,,,,,,,,,,,,,,,,,,,,,,,
PUBMED_0814,39197237,Corneal stromal structure replicating humanized hydrogel patch for sutureless repair of deep anterior-corneal defect.,2025,Biomaterials,10.1016/j.biomaterials.2024.122754,multiple_layers,High,Provisional core - unresolved manual check,,,,,,,,,,,,,,,,,,,,,,,,,,
PUBMED_0817,39216318,Bioprinting of anisotropic functional corneal stroma using mechanically robust multi-material bioink based on decellularized cornea matrix.,2024,Biomaterials advances,10.1016/j.bioadv.2024.214007,multiple_layers,High,Provisional core,,,,,,,,,,,,,,,,,,,,,,,,,,
PUBMED_0818,39218556,Triple-crosslinked double-network alginate/dextran/dendrimer hydrogel with tunable mechanical and adhesive properties: A potential candidate for sutureless keratoplasty.,2024,Carbohydrate polymers,10.1016/j.carbpol.2024.122538,stroma,High,Provisional core,,,,,,,,,,,,,,,,,,,,,,,,,,
PUBMED_0821,39328788,"Preparation, physico-biochemical characterization, and proteomic analysis of highly transparent corneal extracellular matrices for lamellar keratoplasty and tissue-engineered cornea construction.",2024,Materials today. Bio,10.1016/j.mtbio.2024.101241,stroma,High,Provisional core,,,,,,,,,,,,,,,,,,,,,,,,,,
PUBMED_0826,39375390,Bio-printing method as a novel approach to obtain a fibrin scaffold settled by limbal epithelial cells for corneal regeneration.,2024,Scientific reports,10.1038/s41598-024-73383-y,epithelium_limbus,High,Provisional core,,,,,,,,,,,,,,,,,,,,,,,,,,
PUBMED_0828,39386574,In Situ UNIversal Orthogonal Network (UNION) Bioink Deposition for Direct Delivery of Corneal Stromal Stem Cells to Corneal Wounds.,2024,bioRxiv : the preprint server for biology,10.1101/2024.09.19.613997,multiple_layers,High,Provisional core,,,,,,,,,,,,,,,,,,,,,,,,,,
PUBMED_0841,39551331,Repair effects of thermosensitive hydrogels combined with iPSC-derived corneal endothelial cells on rabbit corneal endothelial dysfunction.,2025,Acta biomaterialia,10.1016/j.actbio.2024.11.021,endothelium,High,Provisional core,,,,,,,,,,,,,,,,,,,,,,,,,,
PUBMED_0842,39556946,Bioprinting a resilient and transparent cornea stroma equivalent: harnessing dual crosslinking strategy with decellularized cornea matrix and silk fibroin hybrid.,2024,Biofabrication,10.1088/1758-5090/ad9409,multiple_layers,High,Provisional core,,,,,,,,,,,,,,,,,,,,,,,,,,
PUBMED_0844,39558795,Natural Extracellular Matrix Scaffold-Based Hydrogel Corneal Patch with Temperature and Light-Responsiveness for Penetrating Keratoplasty and Sutureless Stromal Defect Repair.,2025,Advanced healthcare materials,10.1002/adhm.202402567,multiple_layers,High,Provisional core,,,,,,,,,,,,,,,,,,,,,,,,,,
PUBMED_0850,39643222,"3D printing of stiff, tough, and ROS-scavenging nanocomposite hydrogel scaffold for in situ corneal repair.",2025,Acta biomaterialia,10.1016/j.actbio.2024.12.005,multiple_layers,High,Provisional core,,,,,,,,,,,,,,,,,,,,,,,,,,
PUBMED_0857,39686763,Glycerol Modulated Collagen Fibril Evolution and Lamellar Organization for Biomimetic Corneal Substitutes Construction.,2025,"Small (Weinheim an der Bergstrasse, Germany)",10.1002/smll.202407606,multiple_layers,High,Provisional core,,,,,,,,,,,,,,,,,,,,,,,,,,
PUBMED_0860,39693435,Biologically inspired bioactive hydrogels for scarless corneal repair.,2024,Science advances,10.1126/sciadv.adt1643,multiple_layers,High,Provisional core,,,,,,,,,,,,,,,,,,,,,,,,,,
PUBMED_0866,39798638,3D printed biomimetic bilayer limbal implants for regeneration of the corneal structure in limbal stem cell deficiency.,2025,Acta biomaterialia,10.1016/j.actbio.2025.01.011,multiple_layers,High,Provisional core,,,,,,,,,,,,,,,,,,,,,,,,,,
PUBMED_0867,39800095,Rho kinase inhibitor Y-27632 and dual media culture approach promote the construction and transplantation of rabbit limbal epithelial cell sheets via cell spheroid culture and auto-bioprinting.,2025,Acta biomaterialia,10.1016/j.actbio.2025.01.022,epithelium_limbus,High,Provisional core,,,,,,,,,,,,,,,,,,,,,,,,,,
PUBMED_0871,39819884,Digital light processing 3D bioprinting of biomimetic corneal stroma equivalent using gelatin methacryloyl and oxidized carboxymethylcellulose interpenetrating network hydrogel.,2025,Biofabrication,10.1088/1758-5090/adab27,stroma,High,Provisional core,,,,,,,,,,,,,,,,,,,,,,,,,,
PUBMED_0877,39853921,Artificial Cornea Substitute Based on Hydrogel Skeletons with Natural Stromal Hierarchical Structure and Extracellular Matrix for Sutureless Transplantation.,2025,"Advanced science (Weinheim, Baden-Wurttemberg, Germany)",10.1002/advs.202411540,multiple_layers,High,Provisional core,,,,,,,,,,,,,,,,,,,,,,,,,,
PUBMED_0888,39930756,"Enhanced Bioprinting of 3D Corneal Stroma Patches with Reliability, Assessing Product Consistency and Quality through Optimized Electron Beam Sterilization.",2025,Advanced healthcare materials,10.1002/adhm.202403118,stroma,High,Provisional core,,,,,,,,,,,,,,,,,,,,,,,,,,
PUBMED_0889,39935895,Photochemical corneal cross-linking: Evaluating the potential of a hand-held biopen.,2025,Materials today. Bio,10.1016/j.mtbio.2025.101512,multiple_layers,High,Provisional core,,,,,,,,,,,,,,,,,,,,,,,,,,
PUBMED_0891,39955036,3D mesenchymal stem cell exosome-functionalized hydrogels for corneal wound healing.,2025,Journal of controlled release : official journal of the Controlled Release Society,10.1016/j.jconrel.2025.02.030,multiple_layers,High,Provisional core,,,,,,,,,,,,,,,,,,,,,,,,,,
PUBMED_0902,40061375,The influence of amniotic membrane proteins on corneal regeneration when delivered directly or using hydrogel platforms.,2025,Frontiers in medicine,10.3389/fmed.2025.1498319,multiple_layers,High,Provisional core,,,,,,,,,,,,,,,,,,,,,,,,,,
PUBMED_0904,40083774,In situ UNIversal Orthogonal Network (UNION) bioink deposition for direct delivery of corneal stromal stem cells to corneal wounds.,2025,Bioactive materials,10.1016/j.bioactmat.2025.02.009,multiple_layers,High,Provisional core,,,,,,,,,,,,,,,,,,,,,,,,,,
PUBMED_0905,40145466,"Preclinical Testing of 3D Printed, Cell Loaded Hydrogel Based Corneal Substitutes on Rabbit Model.",2025,Macromolecular bioscience,10.1002/mabi.202400595,multiple_layers,High,Provisional core,,,,,,,,,,,,,,,,,,,,,,,,,,
PUBMED_0907,40159843,Photocurable Dual-Network Hydrogels Based on Natural Polymers for Sutureless Repair of Large Corneal Defects.,2025,"Small (Weinheim an der Bergstrasse, Germany)",10.1002/smll.202500150,multiple_layers,High,Provisional core,,,,,,,,,,,,,,,,,,,,,,,,,,
PUBMED_0919,40296037,Self-healing adhesive oxidized guar gum hydrogel loaded with mesenchymal stem cell exosomes for corneal wound healing.,2025,Journal of nanobiotechnology,10.1186/s12951-025-03366-2,epithelium_limbus,High,Provisional core,,,,,,,,,,,,,,,,,,,,,,,,,,
PUBMED_0928,40395134,Highly transparent and elastic acellular swim bladder with potential application in cornea implantation.,2025,Journal of materials chemistry. B,10.1039/d5tb00793c,multiple_layers,High,Provisional core,,,,,,,,,,,,,,,,,,,,,,,,,,
PUBMED_0934,40446990,The interaction of the biocompatible scaffold containing nanochitosan-chitosan-polycaprolactone with telomerase activator and rock inhibitor in propagation and functional properties of corneal endothelial cells.,2025,International journal of biological macromolecules,10.1016/j.ijbiomac.2025.144744,endothelium,High,Provisional core,,,,,,,,,,,,,,,,,,,,,,,,,,
PUBMED_0936,40449707,Compartmentalized 3D bioprinting of the limbal niche with distinct hPSC-LSC subpopulations for corneal disease modeling.,2025,Acta biomaterialia,10.1016/j.actbio.2025.05.068,epithelium_limbus,High,Provisional core,,,,,,,,,,,,,,,,,,,,,,,,,,
PUBMED_0938,40481091,Therapeutic efficacy of BSA formulated hydrogels in corneal wound healing and epithelial cell regeneration: an ex vivo study.,2025,Scientific reports,10.1038/s41598-025-04408-3,multiple_layers,High,Provisional core,,,,,,,,,,,,,,,,,,,,,,,,,,
PUBMED_0944,40555247,3D bioprinted GelMA/collagen hydrogel for corneal stroma regeneration.,2025,Biofabrication,10.1088/1758-5090/ade7b2,stroma,High,Provisional core,,,,,,,,,,,,,,,,,,,,,,,,,,
PUBMED_0947,40613723,A graphene oxide/niobium carbide MXene composite-based functional nanocomposite scaffold for artificial corneas.,2025,Nanoscale,10.1039/d5nr01312g,stroma,High,Provisional core,,,,,,,,,,,,,,,,,,,,,,,,,,
PUBMED_0949,40641839,Engineering a functionality-integrated artificial cornea stromal Substitute: Janus bio-adhesive implant with a collagen-based multi-scale biomimetic skeleton.,2025,Bioactive materials,10.1016/j.bioactmat.2025.06.030,multiple_layers,High,Provisional core,,,,,,,,,,,,,,,,,,,,,,,,,,
PUBMED_0950,40665979,Research on the construction of corneal endothelium transplantation with acellular amniotic membrane as a scaffold.,2025,Frontiers in medicine,10.3389/fmed.2025.1592123,endothelium,High,Provisional core,,,,,,,,,,,,,,,,,,,,,,,,,,
PUBMED_0957,40710690,Effect of 3D Printing Parameters on the Transparency of Medical Hydrogels for Corneal Stroma Fabrication.,2025,"Gels (Basel, Switzerland)",10.3390/gels11070528,stroma,High,Provisional core,,,,,,,,,,,,,,,,,,,,,,,,,,
PUBMED_0959,40734361,3D Differentiation of Bone-Marrow Derived Mesenchymal Stromal Cells into the Keratocyte Lineage for Corneal Bioprinting.,2025,Advanced healthcare materials,10.1002/adhm.202405073,stroma,High,Provisional core,,,,,,,,,,,,,,,,,,,,,,,,,,
PUBMED_0962,40762540,Human Omental Mesothelial Cells Exhibit a Corneal Endothelial-Like Cell Phenotype for Tissue Engineering of a Corneal Endothelium Biomimetic.,2025,Investigative ophthalmology & visual science,10.1167/iovs.66.11.7,multiple_layers,High,Provisional core,,,,,,,,,,,,,,,,,,,,,,,,,,
PUBMED_0973,40893304,Hydrogel-Mediated Sustained Delivery of Corneal Epithelial Extracellular Vesicles: A Strategy for Enhanced Corneal Regeneration.,2025,ACS omega,10.1021/acsomega.5c01135,multiple_layers,High,Provisional core - unresolved manual check,,,,,,,,,,,,,,,,,,,,,,,,,,
PUBMED_0977,40931961,Scaffold-Free Extrusion-Based 3D Bioprinting of Cornea Constructs Using a Decellularized Corneal Extracellular Matrix Based Bioink and Human Placenta-Derived Mesenchymal Stem Cells.,2025,Macromolecular bioscience,10.1002/mabi.202500276,stroma,High,Provisional core,,,,,,,,,,,,,,,,,,,,,,,,,,
PUBMED_0978,40945255,"EMERGE patch, a novel electrogenic engineered material to enhance healing of severe corneal wounds.",2026,Biomaterials,10.1016/j.biomaterials.2025.123689,multiple_layers,High,Provisional core,,,,,,,,,,,,,,,,,,,,,,,,,,
PUBMED_0989,41070062,Comparison of the regenerative potential of different functionalized gelatin-based hydrogels as fillers of rabbit corneal wounds.,2025,Frontiers in medicine,10.3389/fmed.2025.1667446,multiple_layers,High,Provisional core,,,,,,,,,,,,,,,,,,,,,,,,,,
PUBMED_0990,41073348,Native Bio-Lenticules Mediated Rapamycin Delivery for Corneal Immunomodulation and Tissue Repair Promotion.,2025,ACS biomaterials science & engineering,10.1021/acsbiomaterials.5c01309,stroma,High,Provisional core,,,,,,,,,,,,,,,,,,,,,,,,,,
PUBMED_0997,41129923,"Comparative evaluation of the mechanical properties of amniotic membranes for corneal grafting: Effects of cryopreservation, lyophilization, and dehydration.",2026,Journal of the mechanical behavior of biomedical materials,10.1016/j.jmbbm.2025.107234,stroma,High,Provisional core,,,,,,,,,,,,,,,,,,,,,,,,,,
PUBMED_1006,41203155,Photocurable hybrid hydrogels based on gelatin and polysaccharides for sutureless repair of corneal defects.,2025,International journal of biological macromolecules,10.1016/j.ijbiomac.2025.148835,multiple_layers,High,Provisional core - unresolved manual check,,,,,,,,,,,,,,,,,,,,,,,,,,
PUBMED_1009,41218465,Matrix stiffness modulates YAP-mediated glycolysis and proliferation in human corneal endothelial cells.,2026,Biomaterials advances,10.1016/j.bioadv.2025.214594,endothelium,High,Provisional core,,,,,,,,,,,,,,,,,,,,,,,,,,
PUBMED_1011,41234357,The impact of the limbal niche interactions on the self-renewal capability of limbal epithelial stem cells.,2025,Frontiers in cell and developmental biology,10.3389/fcell.2025.1667309,multiple_layers,High,Provisional core,,,,,,,,,,,,,,,,,,,,,,,,,,
PUBMED_1015,41359360,Alkaline Phosphatase-Triggered Spatiotemporal Repair of Corneal Injury with TB500 Peptide Hydrogel.,2025,ACS applied materials & interfaces,10.1021/acsami.5c14652,multiple_layers,High,Provisional core,,,,,,,,,,,,,,,,,,,,,,,,,,
PUBMED_1016,41379646,Descemet Membrane Versus Amniotic Membrane for Limbal Stem Cell Therapy.,2026,Cornea,10.1097/ICO.0000000000004073,epithelium_limbus,High,Provisional core,,,,,,,,,,,,,,,,,,,,,,,,,,
PUBMED_1020,41427066,Experimental Study of the Effect of Corneal Bio-Coating Based on the Original Hydrogel Biopolymer Scaffold on the Anterior Segment Structures of the Eye.,2025,Sovremennye tekhnologii v meditsine,10.17691/stm2025.17.4.04,multiple_layers,High,Provisional core,,,,,,,,,,,,,,,,,,,,,,,,,,
PUBMED_1021,41460069,3D-Bioprinted Biomimetic Epithelial-Stromal Hydrogel Construct with In Situ Photocrosslinkable Bioadhesive for Suture-Free Corneal Regeneration.,2026,Advanced healthcare materials,10.1002/adhm.202504578,multiple_layers,High,Provisional core,,,,,,,,,,,,,,,,,,,,,,,,,,
PUBMED_1025,41488431,"Antibiotic nanozyme hydrogel depot for single-injection MDR bacterial keratitis therapy via localized antibacterial, pro-healing and corneal reinforcement.",2026,Materials today. Bio,10.1016/j.mtbio.2025.102602,multiple_layers,High,Provisional core,,,,,,,,,,,,,,,,,,,,,,,,,,
PUBMED_1031,41506503,Bioactive thermoresponsive fibronectin-Pluronic F127 hydrogel for sustained ocular delivery with corneal regeneration and anti-inflammatory effects.,2026,International journal of biological macromolecules,10.1016/j.ijbiomac.2025.150032,multiple_layers,High,Provisional core,,,,,,,,,,,,,,,,,,,,,,,,,,
PUBMED_1036,41538991,Bioactive peptides-incorporated photo-crosslinking hydrogel for suture-free repair of corneal injuries.,2026,Journal of colloid and interface science,10.1016/j.jcis.2026.139869,multiple_layers,High,Provisional core,,,,,,,,,,,,,,,,,,,,,,,,,,
PUBMED_1038,41548128,In Vivo Evaluation of Injected and Bioprinted Hyaluronic Acid-Based Bioink in Corneal Stromal Pocket.,2026,Macromolecular bioscience,10.1002/mabi.202500555,stroma,High,Provisional core,,,,,,,,,,,,,,,,,,,,,,,,,,
PUBMED_1039,41554492,A natural corneal extracellular matrix-inspired dual-crosslinked hydrogel bioadhesive for emergency corneal trauma repair.,2026,Acta biomaterialia,10.1016/j.actbio.2026.01.034,multiple_layers,High,Provisional core,,,,,,,,,,,,,,,,,,,,,,,,,,
PUBMED_1049,41678599,Composite Decellularized Corneal Hydrogel for Effective Corneal Injury Repair and Regeneration.,2026,ACS applied bio materials,10.1021/acsabm.5c02226,multiple_layers,High,Provisional core,,,,,,,,,,,,,,,,,,,,,,,,,,
PUBMED_1053,41742708,A New Bioprinted Dual-Layered Corneal Structure Using Collagen-Based Bioinks.,2026,Tissue engineering. Part A,10.1177/19373341261424272,stroma,High,Provisional core,,,,,,,,,,,,,,,,,,,,,,,,,,
PUBMED_1057,41794129,Near complete corneal regeneration after lamellar keratoplasty in rabbits enabled by an in situ photo-crosslinkable dendrimer-hyaluronic acid hydrogel.,2026,The ocular surface,10.1016/j.jtos.2026.03.001,multiple_layers,High,Provisional core - unresolved manual check,,,,,,,,,,,,,,,,,,,,,,,,,,
PUBMED_1058,41808764,Photocrosslinked dual-network hydrogel for sutureless corneal stromal lenticule lmplantation.,2026,Frontiers in bioengineering and biotechnology,10.3389/fbioe.2026.1764867,multiple_layers,High,Provisional core,,,,,,,,,,,,,,,,,,,,,,,,,,
PUBMED_1063,41878560,RNA modifications: molecular orchestrators of wound healing.,2026,Burns & trauma,10.1093/burnst/tkag010,multiple_layers,High,Provisional core - unresolved manual check,,,,,,,,,,,,,,,,,,,,,,,,,,
PUBMED_1068,41947731,Functional 3D bioprinting with GelMA/CMCh bioinks: a supportive microenvironment for stromal keratocyte maintenance and potential corneal stromal repair.,2026,Journal of materials chemistry. B,10.1039/d5tb02459e,stroma,High,Provisional core,,,,,,,,,,,,,,,,,,,,,,,,,,
PUBMED_1069,41962437,A magnolol/BMSC-integrated collagen hydrogel with dual anti-inflammatory and regenerative functions for corneal repair.,2026,Biomaterials advances,10.1016/j.bioadv.2026.214865,multiple_layers,High,Provisional core,,,,,,,,,,,,,,,,,,,,,,,,,,
PUBMED_1072,42035972,Limbal organoids and bioengineering sheets based on niche microphysiological systems and bioprinting for corneal injury repair in rabbits.,2026,Acta biomaterialia,10.1016/j.actbio.2026.04.042,epithelium_limbus,High,Provisional core,,,,,,,,,,,,,,,,,,,,,,,,,,
PUBMED_1074,42059163,Real Architecture for 3D Tissue (RAFT): Mechanical Properties and Ability to Support the 3D Culture of Porcine Corneal Endothelial Cells.,2026,Journal of biomedical materials research. Part A,10.1002/jbm.a.70086,stroma,High,Provisional core,,,,,,,,,,,,,,,,,,,,,,,,,,
